timestamp,open,high,low,close,adjusted close,volume,dividend amount
2024-11-22,227.3000,255.2500,223.3000,232.1500,232.1500,72491,0.0000
2024-11-14,289.8500,310.0000,234.1000,239.4500,239.4500,307733,0.0000
2024-11-08,204.7000,287.5000,191.0500,287.3000,287.3000,408309,0.0000
2024-11-01,207.9500,207.9500,181.9000,199.2500,199.2500,70846,0.0000
2024-10-25,226.2000,228.8000,193.0500,200.3000,200.3000,95238,0.0000
2024-10-18,212.8000,249.9000,212.2500,233.7000,233.7000,466662,0.0000
2024-10-11,617.1500,710.0000,183.4000,202.7000,202.7000,295713,0.0000
2024-10-04,513.9500,655.0000,507.0000,616.7000,616.7000,360783,0.0000
2024-09-27,540.0000,569.0000,510.5500,514.6500,514.6500,19159,0.0000
2024-09-20,600.0000,600.0000,521.6000,548.3500,548.3500,16950,0.0000
2024-09-13,589.0000,600.0500,563.6500,592.3500,592.3500,14988,0.0000
2024-09-06,567.0500,627.8000,567.0500,582.9000,582.9000,22344,0.0000
2024-08-30,609.2000,612.6500,573.0500,579.9000,579.9000,11897,0.0000
2024-08-23,580.0000,621.6000,580.0000,606.6000,606.6000,12827,0.0000
2024-08-16,630.2500,640.7500,572.0000,585.4000,585.4000,26642,0.0000
2024-08-09,609.9500,648.9500,558.0000,636.2500,636.2500,34914,4.0000
2024-08-02,638.0000,641.2000,596.0500,618.8500,614.8500,30024,0.0000
2024-07-26,603.0000,636.7500,567.1500,630.8000,626.7228,16468,0.0000
2024-07-19,645.7000,655.0500,597.7500,604.8000,600.8908,29643,0.0000
2024-07-12,593.0000,646.7500,569.1000,633.7500,629.6537,37479,0.0000
2024-07-05,562.9000,595.0000,553.9500,587.7000,583.9013,28416,0.0000
2024-06-28,591.1000,601.2000,548.2500,560.5000,556.8772,33498,0.0000
2024-06-21,543.5000,603.6500,537.3000,595.0000,591.1542,66956,0.0000
2024-06-14,487.9000,538.0000,475.4000,535.6500,532.1878,49116,0.0000
2024-06-07,462.4000,494.0500,401.6500,471.9500,468.8995,26811,0.0000
2024-05-31,487.2000,506.9000,444.7000,453.3000,450.3700,30002,0.0000
2024-05-24,485.4500,503.4000,472.5000,482.9000,479.7787,20778,0.0000
2024-05-17,481.4500,494.9000,452.0000,470.3500,467.3098,16781,0.0000
2024-05-10,493.3000,503.0000,462.1000,472.0000,468.9492,50396,0.0000
2024-05-03,512.9500,519.8000,488.9500,492.4500,489.2670,25429,0.0000
2024-04-26,506.2500,532.8500,498.4500,509.2500,505.9584,27908,0.0000
2024-04-19,450.0500,524.5500,450.0500,496.4000,493.1915,30199,0.0000
2024-04-12,548.0000,556.0500,516.0000,520.5500,517.1854,20100,0.0000
2024-04-05,543.1000,575.8500,525.9000,549.8000,546.2463,68877,0.0000
2024-03-28,559.8500,568.0000,534.8500,539.1000,535.6155,43147,0.0000
2024-03-22,518.2000,570.0000,499.2000,557.9000,554.2940,182330,0.0000
2024-03-15,446.5000,525.0000,437.3000,513.2000,509.8829,229291,0.0000
2024-03-07,422.9000,482.2000,420.7500,442.6500,439.7889,53505,0.0000
2024-03-01,425.2000,449.0000,417.6000,431.8500,429.0587,20537,0.0000
2024-02-23,430.0000,439.2000,413.3000,428.1000,425.3329,26226,0.0000
2024-02-16,430.0500,456.9500,408.3000,430.8500,428.0652,39390,0.0000
2024-02-09,499.9000,508.2500,417.6500,433.7000,430.8967,114207,0.0000
2024-02-02,431.1500,490.3500,424.4500,482.6500,479.5303,87246,0.0000
2024-01-25,423.0500,439.0000,402.5500,427.7500,424.9852,24652,0.0000
2024-01-19,415.0500,454.0000,415.0500,432.5500,429.7542,148360,0.0000
2024-01-12,357.2000,417.0500,345.0000,405.0000,402.3822,160037,0.0000
2024-01-05,355.9500,368.9500,349.4000,358.0500,355.7357,29079,0.0000
2023-12-29,354.6000,363.6000,346.6500,350.5500,348.2842,16002,0.0000
2023-12-22,349.6500,357.1000,318.2500,336.7500,334.5734,22396,0.0000
2023-12-15,367.7000,369.9000,341.9500,346.3500,344.1113,26870,0.0000
2023-12-08,364.7500,387.9000,347.9500,362.3000,359.9582,73119,0.0000
2023-12-01,364.8500,370.1500,348.7000,357.5500,355.2389,32547,0.0000
2023-11-24,345.0000,378.6000,333.0000,358.5500,356.2325,64906,0.0000
2023-11-17,316.9500,356.5000,316.9500,341.7500,339.5411,31828,0.0000
2023-11-10,337.2000,337.2000,312.7000,315.9500,313.9078,16873,0.0000
2023-11-03,304.8000,337.8000,301.5000,330.3000,328.1651,26272,0.0000
2023-10-27,315.0000,317.7500,284.2500,306.9000,304.9163,11327,0.0000
2023-10-20,321.3000,339.9000,314.0000,316.0000,313.9575,15026,0.0000
2023-10-13,325.0000,335.9000,310.0500,322.1000,320.0181,9889,0.0000
2023-10-06,328.4500,339.1500,306.6000,321.6000,319.5213,8534,0.0000
2023-09-29,307.4000,324.2500,303.9000,322.0000,319.9187,7588,0.0000
2023-09-22,319.4000,323.9500,306.3500,307.4500,305.4628,11364,0.0000
2023-09-15,341.9500,341.9500,309.8500,324.2000,322.1045,17728,0.0000
2023-09-08,351.0000,363.2500,334.2500,336.2000,334.0269,54757,0.0000
2023-09-01,316.8500,369.4000,309.7500,351.4500,349.1784,102308,0.0000
2023-08-25,313.9500,328.9000,307.7000,313.6000,311.5730,16460,0.0000
2023-08-18,335.2000,339.8500,306.0000,310.3500,308.3440,30370,0.0000
2023-08-11,336.9000,354.5000,332.6500,341.7000,339.4914,54963,0.0000
2023-08-04,317.8000,351.9000,317.8000,335.3500,333.1824,117113,2.5000
2023-07-28,301.8500,323.4000,298.0000,318.2000,313.8394,75739,0.0000
2023-07-21,273.5000,318.0000,272.3000,300.3500,296.2340,200158,0.0000
2023-07-14,271.1000,285.0000,257.0000,270.0500,266.3492,65845,0.0000
2023-07-07,271.9000,279.0000,263.2500,267.4500,263.7848,42932,0.0000
2023-06-30,260.0000,274.0000,256.7000,270.4500,266.7437,16441,0.0000
2023-06-23,271.3500,280.7500,255.7000,262.8000,259.1986,67749,0.0000
2023-06-16,268.1000,281.7000,266.4000,270.1500,266.4478,44843,0.0000
2023-06-09,268.9500,282.3000,263.4000,265.9500,262.3054,83248,0.0000
2023-06-02,250.6500,285.8000,250.6500,264.3500,260.7273,216941,0.0000
2023-05-26,255.5000,257.1500,238.8500,248.8000,245.3904,59725,0.0000
2023-05-19,243.9000,265.0000,236.2000,255.1500,251.6534,147745,0.0000
2023-05-12,204.6500,241.0000,204.6000,239.7500,236.4645,111256,0.0000
2023-05-05,202.0500,206.0500,196.0000,201.0000,198.2455,10445,0.0000
2023-04-28,193.0000,210.0000,193.0000,202.0000,199.2318,15367,0.0000
2023-04-21,198.3000,202.5000,195.9000,196.4500,193.7578,3628,0.0000
2023-04-13,192.4500,203.0000,192.4500,198.9000,196.1743,9116,0.0000
2023-04-06,181.4000,196.0500,180.9000,192.8000,190.1579,3553,0.0000
2023-03-31,185.1000,187.1000,172.0000,178.5000,176.0538,26767,0.0000
2023-03-24,196.0000,203.9500,185.0000,188.7000,186.1140,11238,0.0000
2023-03-17,206.0500,212.9000,189.4000,197.1500,194.4482,8242,0.0000
2023-03-10,212.9500,214.7500,202.2000,208.3000,205.4454,18415,0.0000
2023-03-03,200.3500,208.0000,193.2500,204.7000,201.8948,10869,0.0000
2023-02-24,207.0500,210.5000,195.0500,199.7500,197.0126,13452,0.5000
2023-02-17,210.5500,213.1500,203.0000,206.1500,202.8191,19669,0.0000
2023-02-10,196.0500,218.3500,193.6500,207.8000,204.4425,37207,0.0000
2023-02-03,190.4000,204.4500,190.2500,195.2500,192.0952,29202,0.0000
2023-01-27,207.2500,214.3000,188.6000,193.7000,190.5703,66676,0.0000
2023-01-20,225.6000,227.6500,212.9000,213.2000,209.7552,32678,0.0000
2023-01-13,215.0000,238.5000,215.0000,225.1500,221.5121,82422,0.0000
2023-01-06,221.0000,222.6000,210.6500,212.4500,209.0173,31493,0.0000
2022-12-30,185.8000,225.6500,185.8000,212.8500,209.4109,53826,0.0000
2022-12-23,222.2000,246.8000,195.3500,196.9500,193.7678,123625,0.0000
2022-12-16,206.9000,237.5000,204.4500,211.7500,208.3286,90348,0.0000
2022-12-09,193.0000,225.0000,191.0000,207.7500,204.3933,111929,0.0000
2022-12-02,179.5500,196.0000,179.5500,192.0000,188.8978,24293,0.0000
2022-11-25,190.4500,199.0500,183.2000,184.7000,181.7157,387677,0.0000
2022-11-18,188.0000,189.9000,178.0000,186.8000,183.7818,370883,0.0000
2022-11-11,192.0500,203.6500,183.4500,185.2000,182.2076,34494,0.0000
2022-11-04,194.1500,197.4000,186.9000,193.3500,190.2259,14150,0.0000
2022-10-28,194.4000,200.3000,192.0000,193.7000,190.5703,10249,0.0000
2022-10-21,195.9000,200.3000,190.1500,191.1500,188.0615,33957,0.0000
2022-10-14,199.0000,216.5000,192.0000,195.3000,192.1444,64958,0.0000
2022-10-07,205.0000,205.0000,186.9000,195.8500,192.6855,26727,0.0000
2022-09-30,220.0000,220.0000,190.0000,193.8000,190.6687,58890,0.0000
2022-09-23,199.9500,231.4500,196.0000,217.3000,213.7890,354515,0.0000
2022-09-16,179.2000,203.0500,179.2000,180.9000,177.9771,178009,0.0000
2022-09-09,161.9500,181.8500,158.1000,177.5500,174.6812,127700,0.0000
2022-09-02,141.1000,161.1000,139.0000,159.3000,156.7261,40927,0.0000
2022-08-26,135.0000,152.2500,134.3500,145.3000,142.9523,42927,0.0000
2022-08-19,135.1500,140.6000,133.1000,136.0000,133.8026,23223,0.0000
2022-08-12,134.8500,139.8000,130.3000,134.3000,132.1300,9660,0.0000
2022-08-05,136.0000,136.0500,129.4000,133.6500,131.4905,15594,1.8500
2022-07-29,129.0500,136.8500,128.0000,132.0000,128.0743,21620,0.0000
2022-07-22,123.6500,135.0000,122.0000,131.3000,127.3951,16351,0.0000
2022-07-15,123.5000,127.1000,121.2500,122.5500,118.9053,5887,0.0000
2022-07-08,124.5000,128.0000,123.6500,124.7000,120.9914,5522,0.0000
2022-07-01,126.1000,128.0000,117.3500,124.8500,121.1369,7385,0.0000
2022-06-24,120.2500,125.9000,113.0000,124.9500,121.2339,15286,0.0000
2022-06-17,135.0500,135.1000,116.7500,120.0000,116.4311,28520,0.0000
2022-06-10,134.0000,140.3500,132.4000,135.8500,131.8098,11530,0.0000
2022-06-03,134.9000,138.6000,132.6000,134.3500,130.3544,6937,0.0000
2022-05-27,136.7000,137.0000,128.0000,132.2500,128.3168,10203,0.0000
2022-05-20,138.0000,138.9000,128.7000,135.1000,131.0821,12070,0.0000
2022-05-13,145.4000,151.9000,130.0000,131.6500,127.7347,34915,0.0000
2022-05-06,154.7000,159.5500,143.5000,147.7500,143.3559,32847,0.0000
2022-04-29,163.0000,165.6000,156.0000,158.3000,153.5921,21966,0.0000
2022-04-22,153.0000,169.0000,148.3500,163.1500,158.2978,73365,0.0000
2022-04-13,158.5000,161.2500,153.5000,154.7000,150.0992,17165,0.0000
2022-04-08,150.0000,158.0000,149.0000,156.8500,152.1852,59688,0.0000
2022-04-01,141.0000,148.0000,135.6000,147.1000,142.7252,24591,0.0000
2022-03-25,142.3500,147.0000,137.6500,140.6000,136.4185,32750,0.0000
2022-03-17,140.3500,144.5000,137.0000,141.6500,137.4373,17982,0.0000
2022-03-11,135.0500,143.4000,130.6500,139.7000,135.5453,22369,0.0000
2022-03-04,135.8500,144.5000,134.3000,137.9500,133.8473,24916,0.0000
2022-02-25,143.9500,151.7500,128.0500,138.5000,134.3809,79501,0.0000
2022-02-18,154.8500,157.4500,142.5500,145.2000,140.8817,34523,0.7500
2022-02-11,172.0000,172.0000,156.9000,159.1500,153.6319,125563,0.0000
2022-02-04,147.0500,173.5000,147.0500,165.6500,159.9065,143025,0.0000
2022-01-28,159.9000,159.9000,138.6500,150.3000,145.0888,46170,0.0000
2022-01-21,157.0000,171.6000,156.0000,157.5500,152.0874,180074,0.0000
2022-01-14,141.9000,166.6000,141.5000,156.9500,151.5082,97872,0.0000
2022-01-07,140.4500,148.0000,138.6000,141.4000,136.4973,21453,0.0000
2021-12-31,134.8500,143.0000,134.8500,140.4500,135.5803,18849,0.0000
2021-12-24,140.0000,143.8000,132.3000,135.7000,130.9950,25536,0.0000
2021-12-17,149.0000,154.9000,142.2000,142.6500,137.7040,15253,0.0000
2021-12-10,142.4500,149.5000,137.2500,147.2000,142.0962,25377,0.0000
2021-12-03,143.1000,143.6000,133.2000,139.6500,134.8080,19704,0.0000
2021-11-26,153.3500,156.4000,142.4500,144.1500,139.1520,44112,0.0000
2021-11-18,152.0000,163.2000,147.0500,155.5000,150.1085,103114,0.0000
2021-11-12,145.7000,157.4500,141.9000,149.0000,143.8338,53298,0.0000
2021-11-03,140.1000,160.0000,138.0000,143.4000,138.4280,13700,0.0000
2021-10-29,141.9500,143.0000,136.5000,137.6000,132.8291,14657,0.0000
2021-10-22,148.7500,150.7000,138.7000,141.0500,136.1595,29354,0.0000
2021-10-14,150.5000,156.9000,146.0000,147.5000,142.3858,49849,0.0000
2021-10-08,140.7000,154.0000,140.7000,149.5000,144.3165,57676,0.0000
2021-10-01,140.3500,142.9000,138.5000,141.9500,137.0283,76670,0.0000
2021-09-24,141.1000,145.4500,136.4000,139.9500,135.0976,144425,0.0000
2021-09-17,144.0500,148.6000,140.4000,142.0000,137.0765,100657,0.0000
2021-09-09,146.8000,149.4000,143.0000,143.7500,138.7659,71477,0.0000
2021-09-03,138.6000,151.3000,138.1000,148.2000,143.0616,156901,0.0000
2021-08-27,131.2000,144.9000,127.9000,137.1500,132.3947,196392,0.0000
2021-08-20,149.9000,151.2000,132.3000,133.5000,128.8712,136385,0.0000
2021-08-13,164.9500,175.0000,142.2000,149.7000,144.5096,329273,0.0000
2021-08-06,160.1500,166.7500,153.5000,161.5500,155.9487,218428,0.0000
2021-07-30,165.2000,169.5000,156.3500,159.0000,153.4871,346988,1.5000
2021-07-23,170.8500,179.6500,166.0000,167.6500,160.3133,329703,0.0000
2021-07-16,165.1000,176.7500,163.7500,173.8000,166.1942,463855,0.0000
2021-07-09,154.0000,165.7000,152.8000,162.6000,155.4843,665043,0.0000
2021-07-02,140.2000,163.7500,139.7500,153.6000,146.8782,405817,0.0000
2021-06-25,142.5000,150.0000,138.1500,140.2500,134.1124,66707,0.0000
2021-06-18,133.2000,155.6500,128.0000,141.8000,135.5945,283383,0.0000
2021-06-11,132.7000,139.5000,131.6500,135.8000,129.8571,100686,0.0000
2021-06-04,136.0500,143.4500,131.3500,134.9500,129.0443,98040,0.0000
2021-05-28,123.4500,144.4000,119.9500,135.3000,129.3790,304424,0.0000
2021-05-21,119.9500,128.0000,115.1000,123.6500,118.2388,49632,0.0000
2021-05-14,121.0000,124.0000,116.1000,116.5000,111.4017,28791,0.0000
2021-05-07,117.5500,125.5000,112.0000,120.7500,115.4657,40288,0.0000
2021-04-30,116.1000,122.8000,115.0000,116.8000,111.6886,24313,0.0000
2021-04-23,113.6500,116.6000,110.6500,113.6000,108.6286,20998,0.0000
2021-04-16,120.1500,124.3000,110.6500,116.6500,111.5452,24370,0.0000
2021-04-09,115.0000,130.7500,109.9500,126.3000,120.7729,83166,0.0000
2021-04-01,114.2000,117.0000,108.1000,114.9500,109.9196,57483,0.0000
2021-03-26,115.4000,121.4500,108.1000,111.1500,106.2859,102036,0.0000
2021-03-19,126.9500,126.9500,110.9000,114.0500,109.0589,64686,0.0000
2021-03-12,126.7500,132.2000,123.1000,125.6000,120.1035,44772,0.0000
2021-03-05,126.8000,129.1000,124.4000,124.9500,119.4819,66340,0.0000
2021-02-26,131.7000,133.0000,123.5000,124.7000,119.2429,85299,0.0000
2021-02-19,123.8000,134.5000,120.2500,130.1500,124.4544,74736,0.0000
2021-02-12,127.9000,132.3500,120.1500,123.0500,117.6651,73139,0.0000
2021-02-05,120.0000,135.8000,116.1000,126.9000,121.3466,121346,0.0000
2021-01-29,121.8500,122.2000,116.0500,119.1500,113.9358,14477,0.0000
2021-01-22,127.9500,127.9500,120.4000,121.0000,115.7048,60608,0.0000
2021-01-15,130.0500,131.9500,123.5000,124.2000,118.7648,146692,0.0000
2021-01-08,125.0000,138.9000,120.5000,130.2500,124.5500,280934,0.0000
2021-01-01,123.0000,125.5000,120.0000,122.5500,117.1870,48947,0.0000
2020-12-24,117.5000,129.1500,102.2000,121.4500,116.1351,116268,0.0000
2020-12-18,123.1000,129.4000,114.8500,119.2000,113.9836,72706,0.0000
2020-12-11,101.0000,135.9000,101.0000,120.0500,114.7964,726735,0.0000
2020-12-04,102.0000,104.6500,98.3000,101.6000,97.1538,36878,0.0000
2020-11-27,97.3500,105.0000,97.2000,100.1000,95.7194,57510,0.0000
2020-11-20,95.0000,106.0000,93.0000,97.3500,93.0898,97413,0.0000
2020-11-13,96.5500,99.3000,93.0000,96.9500,92.7073,36164,0.0000
2020-11-06,89.9000,103.2000,86.6500,100.9500,96.5322,114415,0.0000
2020-10-30,90.7000,92.4500,87.2500,88.3500,84.4836,21103,0.0000
2020-10-23,87.0000,100.6000,86.0000,92.1500,88.1173,113010,0.0000
2020-10-16,93.5000,93.5000,86.5500,86.8500,83.0493,19210,0.0000
2020-10-09,89.0000,103.7000,88.6500,92.1000,88.0695,64684,0.0000
2020-10-01,88.0000,92.7500,87.9000,90.1500,86.2049,10121,0.0000
2020-09-25,92.7000,103.0500,87.5500,90.6000,86.6352,164314,0.0000
2020-09-18,87.5500,94.8000,84.0000,93.4000,89.3126,26536,0.0000
2020-09-11,89.5000,91.5500,81.5000,87.5000,83.6708,21404,1.8000
2020-09-04,95.5000,95.5000,85.1000,89.1000,83.4708,35327,0.0000
2020-08-28,97.9500,98.2500,91.1500,92.9500,87.0776,42373,0.0000
2020-08-21,92.5000,96.8500,89.0000,94.0500,88.1081,54915,0.0000
2020-08-14,81.2000,105.8000,81.2000,92.8500,86.9839,356870,0.0000
2020-08-07,78.5000,83.0000,77.3500,80.3000,75.2268,18972,0.0000
2020-07-31,78.4500,83.8500,77.5000,78.4500,73.4937,39661,0.0000
2020-07-24,81.9500,84.3500,79.1000,79.8000,74.7584,36027,0.0000
2020-07-17,82.0000,93.2500,78.0500,81.5500,76.3978,290009,0.0000
2020-07-10,76.1500,83.0000,75.0000,82.0000,76.8194,52703,0.0000
2020-07-03,75.6000,82.6000,74.2000,75.8000,71.0111,86132,0.0000
2020-06-26,73.9500,81.2500,72.1500,77.3500,72.4632,96167,0.0000
2020-06-19,68.9000,81.3000,66.2500,73.8000,69.1375,325096,0.0000
2020-06-12,72.0000,73.1500,65.0000,68.2500,63.9381,50849,0.0000
2020-06-05,69.8000,73.5000,68.9500,71.7500,67.2170,56295,0.0000
2020-05-29,63.0000,78.0000,62.3000,68.6500,64.3128,83511,0.0000
2020-05-22,67.5000,67.5000,61.9000,62.7000,58.7387,19703,0.0000
2020-05-15,75.7000,75.8500,65.2000,68.0500,63.7507,102999,0.0000
2020-05-08,68.1500,80.1000,61.0500,76.6000,71.7606,169207,0.0000
2020-04-30,79.0000,79.0000,68.5000,69.2000,64.8281,7279,0.0000
2020-04-24,80.5000,84.9000,68.2500,73.3000,68.6691,19795,0.0000
2020-04-17,58.5000,82.6000,56.4500,77.0500,72.1821,133185,0.0000
2020-04-09,52.0000,60.2500,51.9000,59.6500,55.8814,4338,0.0000
2020-04-03,47.9000,52.7500,47.9000,52.5000,49.1832,1110,0.0000
2020-03-27,49.7000,52.9000,49.0500,51.1000,47.8716,4862,0.0000
2020-03-20,59.0000,60.3000,49.4500,55.8000,52.2747,11834,0.0000
2020-03-13,69.8500,70.9000,50.0000,58.7000,54.9915,10538,0.0000
2020-03-06,78.6000,78.6000,70.0000,71.9000,67.3575,10605,0.0000
2020-02-28,84.4000,85.9500,76.2000,77.0000,72.1353,5928,0.0000
2020-02-20,92.1500,93.3500,82.8000,84.2500,78.9273,36832,0.0000
2020-02-14,92.4000,99.8000,90.0500,91.3000,85.5318,34268,0.0000
2020-02-07,90.0000,95.8500,86.2500,93.0500,87.1713,9111,0.0000
2020-01-31,102.0000,105.6000,93.9500,94.8500,88.8576,10444,0.0000
2020-01-24,99.5500,106.7500,96.3000,104.0500,97.4763,22516,0.0000
2020-01-17,101.9000,104.4500,97.2000,99.5500,93.2606,9816,0.0000
2020-01-10,105.0000,108.3000,94.0000,98.2500,92.0428,23193,0.0000
2020-01-03,94.2500,107.0500,91.0500,102.8500,96.3521,20096,0.0000
2019-12-27,87.3000,92.9000,86.8500,92.8000,86.9371,5147,0.0000
2019-12-20,89.7000,92.2000,87.8000,88.6000,83.0024,2815,0.0000
2019-12-13,89.0000,90.2000,85.0000,89.4000,83.7519,6290,0.0000
2019-12-06,93.5500,97.0500,88.9000,89.5000,83.8456,6719,0.0000
2019-11-29,97.6500,98.0000,95.1500,97.0000,90.8717,1677,0.0000
2019-11-22,93.0000,98.8000,91.1000,96.8500,90.7312,6107,0.0000
2019-11-15,94.0500,95.0000,88.5000,91.7500,85.9534,5323,0.0000
2019-11-08,96.0000,107.4000,93.6000,94.1000,88.1549,35614,0.0000
2019-11-01,88.8000,97.9500,83.8000,93.9000,87.9676,6864,0.0000
2019-10-25,87.2500,88.9500,84.0000,86.1000,80.6604,2875,0.0000
2019-10-18,82.4000,93.0000,80.0000,89.2500,83.6114,13059,0.0000
2019-10-11,82.4500,84.9500,80.0000,81.2500,76.1168,11049,0.0000
2019-10-04,89.1000,90.2000,84.5500,85.1500,79.7704,4409,0.0000
2019-09-27,97.5000,97.5000,88.4000,90.3500,84.6419,20354,0.0000
2019-09-20,87.5500,108.0000,85.4000,94.4500,88.4828,57956,0.0000
2019-09-13,81.5000,90.9500,81.5000,86.9000,81.4098,8676,0.0000
2019-09-06,78.0000,84.1500,72.0000,82.4500,77.2410,2916,0.0000
2019-08-30,74.3500,87.0500,74.3500,78.2500,73.3063,13219,0.0000
2019-08-23,79.9000,82.1000,73.1000,76.6000,71.7606,6892,0.0000
2019-08-16,83.4000,83.7000,79.0000,79.9000,74.8521,2880,0.0000
2019-08-09,78.5000,89.4000,73.0500,84.8500,79.4893,10363,0.0000
2019-08-02,84.4000,84.9000,76.5000,78.4000,73.4468,3823,1.5000
2019-07-26,86.1500,87.9000,82.1000,83.6500,76.9412,4312,0.0000
2019-07-19,98.2500,98.2500,86.0000,87.2500,80.2525,6420,0.0000
2019-07-12,98.6000,100.6000,95.5000,95.8000,88.1168,2883,0.0000
2019-07-05,98.0000,103.9500,98.0000,98.9000,90.9681,5129,0.0000
2019-06-28,101.1000,103.6500,99.0000,101.3500,93.2216,13298,0.0000
2019-06-21,102.0000,103.0000,97.0500,98.2000,90.3243,5990,0.0000
2019-06-14,105.0000,110.1000,101.9500,103.2500,94.9693,21937,0.0000
2019-06-07,105.0500,107.5000,103.0000,103.5000,95.1992,4906,0.0000
2019-05-31,111.0000,118.0000,105.0000,106.5500,98.0046,23295,0.0000
2019-05-24,106.0000,113.6000,103.3500,111.1000,102.1897,7916,0.0000
2019-05-17,102.0500,104.1000,98.3000,103.3500,95.0612,8284,0.0000
2019-05-10,108.2500,110.0000,103.0000,103.3000,95.0153,5078,0.0000
2019-05-03,112.6000,112.7000,109.0000,111.9000,102.9255,1875,0.0000
2019-04-26,118.8000,118.8000,112.1000,112.5500,103.5234,10696,0.0000
2019-04-18,117.7000,126.0000,117.2000,119.4500,109.8700,25679,0.0000
2019-04-12,116.0000,126.9000,113.6000,118.8000,109.2721,53226,0.0000
2019-04-05,115.9000,119.9500,115.4000,117.5000,108.0764,9236,0.0000
2019-03-29,113.5000,120.6500,111.1000,115.7000,106.4208,29757,0.0000
2019-03-22,121.8000,122.3500,113.2000,114.8500,105.6389,21002,0.0000
2019-03-15,115.0000,136.9500,111.5500,120.7000,111.0198,167336,0.0000
2019-03-08,105.0000,123.0000,105.0000,111.9500,102.9715,97037,0.0000
2019-03-01,100.2500,106.0000,99.4000,104.5000,96.1190,7703,0.0000
2019-02-22,96.7000,103.3000,96.7000,101.8500,93.6815,9403,0.0000
2019-02-15,101.5000,103.3000,97.0000,98.1500,90.2783,8651,0.0000
2019-02-08,104.0000,106.3000,97.0500,102.4000,94.1874,13824,0.0000
2019-02-01,105.5500,108.4000,101.1000,103.7000,95.3832,11527,0.0000
2019-01-25,118.0000,119.3500,105.5000,106.1500,97.6367,17379,0.0000
2019-01-18,120.8500,125.6500,114.2500,118.9500,109.4101,57212,0.0000
2019-01-11,101.7500,131.7500,101.3500,122.0000,112.2155,344227,0.0000
2019-01-04,106.0000,107.0000,100.6500,101.3000,93.1757,10014,0.0000
2018-12-28,101.5500,110.6000,98.2500,105.6500,97.1768,24588,0.0000
2018-12-21,100.0000,114.0000,99.7500,102.6000,94.3714,56730,0.0000
2018-12-14,93.0000,99.0000,91.8000,96.8000,89.0366,4346,0.0000
2018-12-07,100.0000,100.0000,95.4500,96.2500,88.5307,1555,0.0000
2018-11-30,99.8000,103.5000,97.0000,98.5000,90.6002,9465,0.0000
2018-11-22,100.8000,104.1000,99.0000,101.0500,92.9457,5424,0.0000
2018-11-16,99.9000,116.8000,95.8000,104.5000,96.1190,54612,0.0000
2018-11-09,98.9500,98.9500,96.5000,98.4500,90.5542,445,0.0000
2018-11-06,95.0000,96.3500,93.5000,94.6500,87.0590,1660,0.0000
2018-11-02,90.0000,100.6500,89.8500,96.7500,88.9906,13175,0.0000
2018-10-26,95.6000,96.7500,88.1000,89.1500,82.0001,6894,0.0000
2018-10-19,94.0000,102.6000,94.0000,96.1000,88.3927,11395,0.0000
2018-10-12,91.0500,94.4500,87.6500,94.0000,86.4611,8053,0.0000
2018-10-05,96.0500,100.0000,92.3500,95.6000,87.9328,10555,0.0000
2018-09-28,108.0000,108.7000,95.5000,97.0000,89.2205,15856,0.0000
2018-09-21,116.5000,116.5000,105.0000,106.5500,98.0046,9043,0.0000
2018-09-14,123.8000,123.8000,111.0000,116.7500,107.3866,11266,0.0000
2018-09-07,120.1000,122.8000,114.1000,118.7000,109.1802,22277,0.0000
2018-08-31,117.4000,118.1500,114.1500,115.9000,106.6047,8841,0.0000
2018-08-24,114.4500,118.2000,114.4500,115.8500,106.5587,8057,0.0000
2018-08-17,117.5000,117.5000,113.7500,115.0500,105.8229,9285,0.0000
2018-08-10,125.4000,128.9000,118.5000,119.3000,109.7320,20754,0.0000
2018-08-03,122.5000,130.5000,117.9000,125.5000,115.4348,54424,1.2500
2018-07-27,111.7000,122.0000,111.7000,119.9500,109.1758,10912,0.0000
2018-07-20,118.0000,118.0000,111.1000,111.8500,101.8034,15935,0.0000
2018-07-13,126.8000,126.8000,116.0000,116.7500,106.2633,6967,0.0000
2018-07-06,117.8000,127.6500,114.0000,122.8500,111.8153,14941,0.0000
2018-06-29,118.7000,124.5500,111.0000,116.9500,106.4453,12727,0.0000
2018-06-22,128.7500,129.5000,120.7500,122.2500,111.2692,5841,0.0000
2018-06-15,125.6000,132.4000,123.6500,128.0500,116.5483,14923,0.0000
2018-06-08,127.0000,129.2500,114.2000,123.0500,111.9974,14118,0.0000
2018-06-01,129.0000,132.8000,125.9500,127.7500,116.2752,12816,0.0000
2018-05-25,131.2000,134.0000,124.4500,127.9000,116.4117,23622,0.0000
2018-05-18,131.6500,140.0000,128.3000,130.7000,118.9602,30627,0.0000
2018-05-11,140.9000,143.0000,131.3000,132.0500,120.1890,36732,0.0000
2018-05-04,142.9500,146.9500,122.5000,138.3000,125.8776,120612,0.0000
2018-04-27,137.7500,160.0000,134.5000,141.9000,129.1542,236983,0.0000
2018-04-20,118.0000,150.0000,115.1000,137.7500,125.3770,301134,0.0000
2018-04-13,117.4000,122.0000,117.1000,118.3500,107.7195,7995,0.0000
2018-04-06,105.5000,119.5000,103.9000,118.1000,107.4920,23825,0.0000
2018-03-28,109.0000,111.6000,102.1000,104.6500,95.2501,34297,0.0000
2018-03-23,119.0000,120.0000,108.1500,109.9500,100.0741,31038,0.0000
2018-03-16,125.9500,128.7500,113.6500,119.5000,108.7663,82965,0.0000
2018-03-09,124.9000,128.0000,115.2500,120.5000,109.6764,29439,0.0000
2018-03-01,128.5500,131.7500,126.2000,126.8500,115.4561,11751,0.0000
2018-02-23,132.0000,133.5000,126.0000,129.3500,117.7315,13226,0.0000
2018-02-16,139.9500,145.0000,129.1500,131.7000,119.8704,15452,0.0000
2018-02-09,130.0500,139.0000,126.0000,136.5000,124.2393,28364,0.0000
2018-02-02,144.6000,147.4000,130.0000,136.0000,123.7842,24184,0.0000
2018-01-25,147.2500,150.2500,141.2500,143.8500,130.9291,16793,0.0000
2018-01-19,153.2000,157.7000,146.5000,146.8500,133.6596,33082,0.0000
2018-01-12,154.9500,159.2500,151.5500,152.3500,138.6656,55938,0.0000
2018-01-05,149.5000,161.4000,144.5500,154.9000,140.9865,177324,0.0000
2017-12-29,149.8500,152.0000,147.2500,148.4500,135.1159,37591,0.0000
2017-12-22,142.0000,153.0000,140.0000,148.4000,135.0704,49688,0.0000
2017-12-15,144.5000,149.0500,140.9500,143.5000,130.6105,60170,0.0000
2017-12-08,152.7500,155.4500,141.9000,145.1500,132.1123,68327,0.0000
2017-12-01,144.5000,164.4500,144.5000,152.7000,138.9842,320625,0.0000
2017-11-24,136.0000,150.0000,136.0000,146.3500,133.2045,96209,0.0000
2017-11-17,138.1000,140.0000,133.3500,136.9500,124.6489,27333,0.0000
2017-11-10,141.1500,145.7000,137.8500,138.6500,126.1962,52545,0.0000
2017-11-03,141.8500,144.2500,139.0000,139.7000,127.1518,48098,0.0000
2017-10-27,144.9500,145.0000,138.6000,140.7000,128.0620,27451,0.0000
2017-10-18,146.0000,147.8500,144.0000,145.5000,132.4309,16960,0.0000
2017-10-13,143.8000,153.0000,142.1000,144.3500,131.3842,79081,0.0000
2017-10-06,143.0000,145.7000,141.3500,143.1500,130.2920,15003,0.0000
2017-09-29,147.2500,147.3000,140.2000,142.1500,129.3818,31144,0.0000
2017-09-22,143.8500,156.4000,142.0000,147.1000,133.8872,208978,0.0000
2017-09-15,140.0500,153.9000,140.0000,142.5500,129.7459,143909,0.0000
2017-09-08,140.4000,149.9000,137.7000,141.2500,128.5626,50621,0.0000
2017-09-01,141.0000,143.8000,137.6000,141.7500,129.0177,33466,0.0000
2017-08-24,137.7000,155.0000,133.5500,139.6500,127.1063,1625645,0.0000
2017-08-18,130.2500,137.0000,128.1500,134.8500,122.7375,19716,0.0000
2017-08-11,140.0000,145.6500,125.0000,127.6500,116.1842,31778,0.0000
2017-08-04,147.9500,148.7000,140.5000,141.1500,128.4716,19357,1.0000
2017-07-28,151.0000,155.0000,146.0000,146.5000,132.4312,30020,0.0000
2017-07-21,149.8000,155.3000,146.7000,150.0000,135.5951,32657,0.0000
2017-07-14,153.5000,155.0000,149.5000,149.8500,135.4595,25966,0.0000
2017-07-07,150.5000,156.1500,149.0000,152.7000,138.0358,20308,0.0000
2017-06-30,156.7000,156.7000,149.1000,150.2500,135.8211,20857,0.0000
2017-06-23,155.6000,162.9000,153.0000,156.6500,141.6065,81064,0.0000
2017-06-16,155.0500,163.7000,153.4000,156.6000,141.5613,41926,0.0000
2017-06-09,159.0000,163.0000,153.0500,157.6500,142.5104,34994,0.0000
2017-06-02,159.6000,160.8500,150.8500,155.9500,140.9737,25547,0.0000
2017-05-26,160.0000,169.8000,150.1000,159.0000,143.7308,34208,0.0000
2017-05-19,160.0000,175.8000,157.1000,158.8000,143.5500,91923,0.0000
2017-05-12,161.6500,166.0000,158.7500,159.5000,144.1828,96831,0.0000
2017-05-05,166.0000,168.0000,161.4000,161.5500,146.0359,110086,0.0000
2017-04-28,178.0000,179.7000,165.1000,166.1000,150.1489,291227,0.0000
2017-04-21,165.7500,183.7000,165.7500,178.3500,161.2225,201945,0.0000
2017-04-13,161.0000,165.4000,157.0000,164.0000,148.2506,38318,0.0000
2017-04-07,154.6000,167.0000,154.1000,161.1000,145.6291,74161,0.0000
2017-03-31,154.3000,155.0000,150.5000,152.6000,137.9454,29483,0.0000
2017-03-24,152.5500,157.8000,149.3500,154.3000,139.4821,44584,0.0000
2017-03-17,151.0000,155.7000,150.0000,153.1500,138.4426,26172,0.0000
2017-03-10,152.1500,155.4000,148.1000,149.5500,135.1883,20543,0.0000
2017-03-03,151.2500,158.3000,150.0000,151.7500,137.1770,62890,0.0000
2017-02-23,154.6500,156.8000,150.5000,150.9500,136.4538,87091,0.0000
2017-02-17,164.5000,164.5000,150.5000,153.6500,138.8946,51515,0.0000
2017-02-10,162.9500,171.9500,159.0000,162.6000,146.9851,183687,0.0000
2017-02-03,162.1000,165.6000,158.0000,161.3000,145.8099,99397,0.0000
2017-01-27,160.0000,167.6000,156.7500,162.0000,146.4427,160594,0.0000
2017-01-20,181.5000,188.7500,158.5000,160.0500,144.6799,837851,0.0000
2017-01-13,146.5000,184.9000,146.0000,181.5500,164.1152,1205799,0.0000
2017-01-06,139.5000,153.0000,137.1500,146.8500,132.7476,249213,0.0000
2016-12-30,135.0500,143.8500,132.0000,138.6500,125.3350,57714,0.0000
2016-12-23,142.0500,143.0000,135.0000,135.2500,122.2616,36725,0.0000
2016-12-16,145.0000,147.0500,139.9500,142.0000,128.3633,36375,0.0000
2016-12-09,145.7000,155.7000,143.6000,145.6000,131.6176,60519,0.0000
2016-12-02,150.6000,155.8000,144.0000,145.8500,131.8436,41696,0.0000
2016-11-25,146.4500,152.0000,139.0000,150.0000,135.5951,23375,0.0000
2016-11-18,162.4500,162.4500,146.1500,148.8000,134.5103,20147,0.0000
2016-11-11,167.0000,170.3500,145.0000,156.3500,141.3353,38630,0.0000
2016-11-04,176.6000,176.8500,161.6000,162.0000,146.4427,36591,0.0000
2016-10-28,188.6500,188.6500,171.1500,173.4500,156.7931,61561,0.0000
2016-10-21,190.0500,196.0000,180.3000,186.8000,168.8611,298433,0.0000
2016-10-14,171.3000,191.9000,161.3500,188.9500,170.8046,284380,0.0000
2016-10-10,169.0000,175.4000,167.9500,172.0500,155.5275,36508,0.0000
2016-10-07,151.5000,176.2000,151.5000,169.5500,153.2676,230662,0.0000
2016-09-30,159.7000,163.8000,146.3500,149.9000,135.5047,27342,0.0000
2016-09-23,155.2000,166.0000,152.1000,160.1000,144.7251,53904,0.0000
2016-09-16,159.5000,161.0000,153.7000,154.9500,140.0697,37015,0.0000
2016-09-09,166.0000,174.3500,160.5000,161.3500,145.8551,53565,0.0000
2016-09-02,167.7000,181.0000,162.5000,165.2000,149.3354,170330,0.0000
2016-08-26,155.5000,171.0000,154.0000,168.9000,152.6801,49954,0.0000
2016-08-19,159.0000,162.5000,153.0000,156.5000,141.4709,15377,0.0000
2016-08-12,157.0000,159.6000,153.0500,154.1500,139.3465,4176,0.0000
2016-08-05,162.4000,162.6500,155.0000,156.5500,141.5161,9296,1.5000
2016-07-29,157.1000,166.9500,156.1000,160.5500,143.7382,16486,0.0000
2016-07-22,163.9500,164.0000,155.7000,157.7000,141.1866,15825,0.0000
2016-07-15,160.0000,170.5000,160.0000,163.0000,145.9317,55267,0.0000
2016-07-08,163.5000,166.9500,159.8500,161.0000,144.1411,10188,0.0000
2016-07-01,147.0000,171.5000,147.0000,161.8500,144.9021,130593,0.0000
2016-06-24,149.0000,154.0500,144.3500,148.7500,133.1738,8599,0.0000
2016-06-17,157.0000,163.5000,148.6000,150.3500,134.6063,25017,0.0000
2016-06-10,151.2500,159.3500,150.0000,156.6000,140.2018,8711,0.0000
2016-06-03,153.0000,154.9500,150.1000,151.2000,135.3673,8394,0.0000
2016-05-27,155.0000,155.0000,150.3000,152.4000,136.4416,9767,0.0000
2016-05-20,156.8000,158.9000,153.3000,154.3000,138.1427,11469,0.0000
2016-05-13,158.9000,159.8000,153.1000,156.4000,140.0228,9979,0.0000
2016-05-06,160.0000,163.8000,153.9000,155.5000,139.2170,10757,0.0000
2016-04-29,157.5000,166.9000,155.1000,159.2000,142.5296,26703,0.0000
2016-04-22,167.5000,167.6000,155.8000,157.4000,140.9181,16899,0.0000
2016-04-13,155.7000,175.6000,152.1000,166.8000,149.3338,349885,0.0000
2016-04-08,149.0000,157.0000,146.6000,152.9000,136.8893,20045,0.0000
2016-04-01,153.0000,153.0000,141.8000,147.2000,131.7861,28578,0.0000
2016-03-23,146.0000,161.0000,143.6000,150.1000,134.3825,117337,0.0000
2016-03-18,136.1000,140.0000,130.0000,137.1000,122.7438,13905,0.0000
2016-03-11,140.0000,143.0000,133.0000,134.6000,120.5055,43484,0.0000
2016-03-04,131.0000,149.0000,127.3000,142.0000,127.1307,31641,0.0000
2016-02-26,140.0000,140.0000,129.2000,129.6000,116.0291,9149,0.0000
2016-02-19,145.0000,152.0000,137.2000,139.0000,124.4448,8996,0.0000
2016-02-12,157.0000,157.7000,135.0000,140.5000,125.7877,6425,0.0000
2016-02-05,160.0000,162.0000,150.6000,155.1000,138.8589,3527,0.0000
2016-01-29,156.0000,159.0000,151.0000,158.0000,141.4552,4944,0.0000
2016-01-22,154.5000,155.8000,146.0000,152.8000,136.7997,9378,0.0000
2016-01-15,175.0000,177.0000,155.1000,157.7000,141.1866,11219,0.0000
2016-01-08,183.3000,197.4000,174.9000,177.7000,159.0924,66227,0.0000
2016-01-01,182.6000,185.0000,177.9000,182.8000,163.6583,12436,0.0000
2015-12-24,177.4000,187.1000,175.0000,180.8000,161.8678,17739,0.0000
2015-12-18,169.5000,194.0000,167.9000,178.4000,159.7191,125397,0.0000
2015-12-11,180.8000,183.1000,167.1000,170.9000,153.0044,19070,0.0000
2015-12-04,174.0000,184.0000,174.0000,179.5000,160.7039,14123,0.0000
2015-11-27,169.1000,181.0000,168.1000,174.5000,156.2275,9635,0.0000
2015-11-20,168.0000,172.4000,165.0000,168.4000,150.7662,10844,0.0000
2015-11-13,173.1000,173.1000,166.1000,166.4000,148.9756,2134,0.0000
2015-11-10,163.0000,174.0000,161.9000,171.5000,153.5416,10437,0.0000
2015-11-06,172.0000,173.8000,163.5000,164.6000,147.3641,10614,0.0000
2015-10-30,184.9000,187.5000,170.0000,171.5000,153.5416,11240,0.0000
2015-10-23,178.7000,188.0000,176.3000,182.4000,163.3002,30959,0.0000
2015-10-16,180.2000,188.2000,177.0000,179.0000,160.2562,8609,0.0000
2015-10-09,187.9000,193.1000,178.0000,180.3000,161.4201,17220,0.0000
2015-10-01,190.4000,191.0000,181.2000,184.9000,165.5384,16366,0.0000
2015-09-24,164.6000,194.7000,161.8000,184.2000,164.9117,113984,0.0000
2015-09-18,153.5000,173.7000,151.5000,168.5000,150.8557,22726,0.0000
2015-09-11,153.9000,157.9000,145.0000,153.1000,137.0683,22677,0.0000
2015-09-04,166.0000,169.6000,151.0000,152.8000,136.7997,14997,0.0000
2015-08-28,178.7000,178.7000,152.5000,166.5000,149.0652,30608,0.0000
2015-08-21,191.9000,199.2000,182.5000,184.1000,164.8222,51407,0.0000
2015-08-14,200.0000,213.8000,190.0000,191.4000,171.3578,101652,0.0000
2015-08-07,191.3000,209.8000,190.4000,196.7000,176.1028,80201,0.0000
2015-07-31,188.0000,198.8000,182.0000,190.8000,170.8206,42579,1.5000
2015-07-24,170.5000,211.2000,166.1000,190.9000,169.5508,148651,0.0000
2015-07-17,162.1000,177.2000,160.2000,169.7000,150.7217,19951,0.0000
2015-07-10,162.2000,166.9000,158.9000,161.8000,143.7052,22564,0.0000
2015-07-03,153.9000,169.0000,152.2000,165.5000,146.9914,31438,0.0000
2015-06-26,155.0000,164.6000,155.0000,157.6000,139.9749,29028,0.0000
2015-06-19,149.1000,157.6000,146.9000,153.1000,135.9782,15365,0.0000
2015-06-12,146.4000,157.0000,144.0000,150.0000,133.2249,24595,0.0000
2015-06-05,166.0000,167.5000,146.2000,147.6000,131.0933,27518,0.0000
2015-05-29,172.6000,185.0000,164.0000,165.6000,147.0803,31595,0.0000
2015-05-22,170.0000,180.5000,169.0000,172.9000,153.5639,7686,0.0000
2015-05-15,170.2000,173.6000,162.8000,168.1000,149.3007,10683,0.0000
2015-05-08,171.6000,185.0000,166.8000,170.4000,151.3434,19462,0.0000
2015-04-30,173.5000,175.6000,168.5000,169.4000,150.4553,12972,0.0000
2015-04-24,180.0000,181.1000,171.5000,173.6000,154.1856,32640,0.0000
2015-04-17,200.0000,202.6000,182.0000,182.9000,162.4455,30644,0.0000
2015-04-10,178.7000,201.0000,178.7000,197.9000,175.7680,69456,0.0000
2015-04-01,165.0000,180.0000,165.0000,177.6000,157.7382,17923,0.0000
2015-03-27,184.5000,184.7000,161.0000,163.5000,145.2151,33821,0.0000
2015-03-20,197.6000,200.3000,182.2000,184.0000,163.4225,42126,0.0000
2015-03-13,203.8000,212.1000,196.0000,199.6000,177.2779,55936,0.0000
2015-03-05,209.5000,212.9000,201.9000,202.6000,179.9424,23306,0.0000
2015-02-27,205.6000,219.4000,204.5000,207.7000,184.4720,319798,0.0000
2015-02-20,219.0000,219.4000,205.0000,205.7000,182.6957,80858,0.0000
2015-02-13,198.9500,229.9000,192.0000,221.5500,196.7731,283104,0.0000
2015-02-06,205.0000,214.0000,198.1000,199.5000,177.1891,35841,0.0000
2015-01-30,212.5000,215.3000,204.0500,205.9500,182.9177,21329,0.0000
2015-01-23,216.5000,229.3500,210.0000,210.6500,187.0921,101275,0.0000
2015-01-16,211.1000,223.9000,208.7500,214.7000,190.6892,47454,0.0000
2015-01-09,211.0000,218.0000,204.0000,210.4500,186.9145,73998,0.0000
2015-01-02,201.3000,216.4000,198.5000,209.0000,185.6266,62446,0.0000
2014-12-26,205.9000,206.8000,197.4500,198.6000,176.3897,51870,0.0000
2014-12-19,208.8000,214.8000,186.5500,207.9500,184.6941,131980,0.0000
2014-12-12,204.5500,235.0000,201.2500,210.8000,187.2253,316612,0.0000
2014-12-05,196.3500,216.0000,192.0000,209.7500,186.2928,261211,0.0000
2014-11-28,192.0000,199.0000,185.3000,194.9000,173.1035,111003,0.0000
2014-11-21,189.5000,199.8000,186.7000,191.1500,169.7729,141934,0.0000
2014-11-14,195.0000,202.9000,183.4500,188.1500,167.1084,164095,0.0000
2014-11-07,192.2500,203.6500,190.0500,193.2500,171.6380,95232,0.0000
2014-10-31,181.4000,202.9000,175.1500,192.2500,170.7499,335605,0.0000
2014-10-22,175.6500,182.0000,171.0000,176.8000,157.0277,50494,0.0000
2014-10-17,185.1000,188.5000,171.8000,173.1500,153.7859,62323,0.0000
2014-10-10,190.9500,194.5000,185.5000,186.1000,165.2877,85344,0.0000
2014-10-01,190.5500,197.0500,187.0000,187.5000,166.5311,54359,0.0000
2014-09-26,206.3500,212.7000,186.9000,188.4000,167.3304,220556,0.0000
2014-09-19,205.4500,222.0000,197.0000,206.2500,183.1842,585914,0.0000
2014-09-12,208.0000,218.4000,203.0000,205.7000,182.6957,355230,0.0000
2014-09-05,202.6000,215.0000,196.5000,204.6000,181.7187,378881,0.0000
2014-08-28,214.9500,221.7000,198.0000,199.2500,176.9670,578616,0.0000
2014-08-22,155.9000,225.0000,155.9000,210.6500,187.0921,1368764,0.0000
2014-08-14,158.8500,167.5000,154.0000,155.1000,137.7545,88914,0.0000
2014-08-08,166.2000,173.5000,154.9500,155.9500,138.5095,148899,1.5000
2014-08-01,167.1000,185.5000,164.0000,165.2000,145.3927,553092,0.0000
2014-07-25,144.0000,194.8000,143.3500,165.5000,145.6568,1287204,0.0000
2014-07-18,128.4500,147.0000,127.2000,143.5500,126.3385,130646,0.0000
2014-07-11,143.0000,144.6000,127.0000,128.6000,113.1810,53166,0.0000
2014-07-04,134.9000,145.0000,133.5000,142.9000,125.7665,75774,0.0000
2014-06-27,141.5000,141.5000,133.0500,134.3000,118.1976,62097,0.0000
2014-06-20,132.3500,145.6500,131.2500,143.3000,126.1185,101291,0.0000
2014-06-13,142.0000,148.7000,133.0000,135.7500,119.4738,144845,0.0000
2014-06-06,132.0000,145.9500,131.5000,141.5000,124.5343,159197,0.0000
2014-05-30,137.0000,147.1500,126.2000,131.4500,115.6893,242177,0.0000
2014-05-23,120.0000,140.9000,120.0000,135.9500,119.6498,206003,0.0000
2014-05-16,116.4500,130.8000,113.3500,118.5500,104.3360,174362,0.0000
2014-05-09,116.1500,119.4000,113.2000,115.0500,101.2557,17938,0.0000
2014-05-02,117.5000,122.7500,115.3000,116.5000,102.5318,33979,0.0000
2014-04-25,117.2000,124.2000,117.0000,117.4500,103.3679,53597,0.0000
2014-04-17,119.0000,119.0000,114.7000,116.4000,102.4438,21179,0.0000
2014-04-11,125.0000,125.0000,113.0000,119.3500,105.0401,49368,0.0000
2014-04-04,116.5000,120.9000,114.4000,116.4000,102.4438,79054,0.0000
2014-03-28,116.0000,120.8000,112.3500,115.3500,101.5197,184719,0.0000
2014-03-21,110.6000,116.0000,107.5500,111.9500,98.5273,1137818,0.0000
2014-03-14,111.9000,120.6500,108.1000,109.2500,96.1511,133869,0.0000
2014-03-07,109.0000,114.9000,107.4500,112.7000,99.1874,87815,0.0000
2014-02-28,105.0000,115.5000,104.0000,109.6000,96.4591,209618,0.0000
2014-02-21,107.0000,109.0000,103.1500,104.8500,92.2786,39609,0.0000
2014-02-14,109.0000,114.4500,103.5000,105.5500,92.8947,122740,0.0000
2014-02-07,103.4000,116.9000,99.2000,107.9500,95.0069,184349,0.0000
2014-01-31,113.1000,113.6000,101.3500,104.5000,91.9706,67745,0.0000
2014-01-24,117.5500,121.3500,114.0000,114.4500,100.7276,48366,0.0000
2014-01-17,118.0000,123.9000,115.1000,117.7500,103.6319,126456,0.0000
2014-01-10,124.9000,125.0000,116.1000,116.6000,102.6198,109474,0.0000
2014-01-03,120.9000,125.4000,114.3000,118.5000,104.2920,122829,0.0000
2013-12-27,120.0000,128.8000,119.2500,119.7500,105.3921,95668,0.0000
2013-12-20,126.9000,127.5000,115.7000,122.1500,107.5044,186752,0.0000
2013-12-13,119.0000,134.4500,117.2000,125.1000,110.1007,772960,0.0000
2013-12-06,97.2000,126.4000,97.0000,119.6000,105.2601,1136578,0.0000
2013-11-29,96.8000,98.5000,93.5500,96.3500,84.7978,41570,0.0000
2013-11-22,94.0000,99.0000,93.9000,95.5500,84.0937,74401,0.0000
2013-11-14,98.0000,98.3000,92.0500,93.1500,81.9814,31980,0.0000
2013-11-08,98.1500,102.0000,96.7000,97.7500,86.0299,25310,0.0000
2013-11-01,97.8000,106.2000,97.0000,99.5000,87.5701,171259,0.0000
2013-10-25,93.0000,99.4500,90.0000,95.8500,84.3577,59336,0.0000
2013-10-18,95.8000,95.8000,90.1500,91.6500,80.6613,8697,0.0000
2013-10-11,92.0000,96.4500,85.2500,93.4000,82.2015,66992,0.0000
2013-10-04,89.9000,94.0000,84.0000,87.8000,77.2729,55709,0.0000
2013-09-27,92.0000,92.9500,86.0000,88.3500,77.7570,17027,0.0000
2013-09-20,97.0000,98.2000,88.6000,89.7000,78.9451,30352,0.0000
2013-09-13,88.0000,102.2000,86.2000,95.6500,84.1817,73144,0.0000
2013-09-06,85.0000,86.9500,81.5500,85.1000,74.8966,10997,0.0000
2013-08-30,87.0000,87.0000,77.4500,85.2000,74.9846,10846,0.0000
2013-08-23,75.0000,89.8000,75.0000,85.1500,74.9406,15256,0.0000
2013-08-16,82.0000,94.9000,80.1500,88.5000,77.8890,57402,0.0000
2013-08-08,86.0000,88.5000,75.5500,80.6500,70.9802,36696,0.0000
2013-08-02,102.3500,114.0000,85.0000,85.8500,75.5567,22410,1.7500
2013-07-26,100.0000,110.7000,99.9000,102.9000,88.8509,88001,0.0000
2013-07-19,100.0000,114.8000,97.0000,100.3500,86.6491,15982,0.0000
2013-07-12,96.2000,105.9000,96.2000,99.9500,86.3037,15751,0.0000
2013-07-05,99.7500,105.0000,98.7500,100.3000,86.6059,11905,0.0000
2013-06-28,104.9000,105.0000,93.3000,99.0000,85.4834,17152,0.0000
2013-06-21,109.1500,111.9000,102.8000,103.7500,89.5849,16752,0.0000
2013-06-14,116.0000,116.8000,107.0000,108.9500,94.0749,21511,0.0000
2013-06-07,117.7000,122.2000,111.6000,115.2500,99.5148,33310,0.0000
2013-05-31,119.5000,123.0000,113.0000,114.1500,98.5650,41248,0.0000
2013-05-24,127.3500,127.3500,117.0000,117.4000,101.3712,35821,0.0000
2013-05-17,123.8500,126.8000,120.6000,122.9000,106.1203,63568,0.0000
2013-05-10,122.5000,128.7000,121.5000,122.7000,105.9476,133053,0.0000
2013-05-03,123.7000,125.0000,120.6000,122.1000,105.4295,39735,0.0000
2013-04-26,124.0000,128.3500,119.1000,123.4500,106.5952,222839,0.0000
2013-04-18,112.7000,130.5000,112.3000,125.8500,108.6675,425806,0.0000
2013-04-12,113.2500,115.8000,110.1000,112.8000,97.3993,22047,0.0000
2013-04-05,107.3500,117.8500,107.3500,114.3000,98.6945,65540,0.0000
2013-03-28,108.0000,111.0000,102.4000,104.8500,90.5347,21017,0.0000
2013-03-22,116.2000,121.5000,104.3000,105.8500,91.3982,48175,0.0000
2013-03-15,124.3000,126.0000,117.6000,118.4500,102.2779,43783,0.0000
2013-03-08,120.8500,126.9500,117.6500,123.3000,106.4657,82677,0.0000
2013-03-01,127.4000,131.0000,116.2500,120.8500,104.3502,187657,0.0000
2013-02-22,119.9000,138.5000,119.2500,125.6500,108.4948,629532,0.0000
2013-02-15,131.9500,131.9500,117.5500,118.5500,102.3642,19020,0.0000
2013-02-08,130.5000,131.9500,125.0000,126.8500,109.5310,18888,0.0000
2013-02-01,130.8000,135.0000,127.1000,130.3000,112.5100,36044,0.0000
2013-01-25,136.4500,136.9000,128.0000,128.8500,111.2579,26198,0.0000
2013-01-18,136.0000,138.4000,134.7000,134.9000,116.4819,28212,0.0000
2013-01-11,140.4000,142.6500,135.0000,135.8500,117.3022,53493,0.0000
2013-01-04,135.1000,143.9000,135.0000,139.8500,120.7561,64908,0.0000
2012-12-28,137.7500,138.0000,134.1500,134.9500,116.5251,22759,0.0000
2012-12-21,140.7000,144.6000,136.7500,137.1500,118.4247,69285,0.0000
2012-12-14,137.0000,145.5000,135.3000,139.8000,120.7129,220056,0.0000
2012-12-07,134.5000,139.5000,134.5000,136.6500,117.9930,51482,0.0000
2012-11-30,133.7000,136.6500,131.0000,134.2000,115.8775,66420,0.0000
2012-11-23,135.5000,137.5000,132.5000,133.4500,115.2299,21908,0.0000
2012-11-16,134.9500,140.8500,131.5000,135.6000,117.0864,46669,0.0000
2012-11-12,136.3000,138.0000,134.0000,135.2000,116.7410,8803,0.0000
2012-11-09,139.0000,144.0000,134.4000,135.2000,116.7410,160888,0.0000
2012-11-02,128.0000,141.6000,128.0000,137.2500,118.5111,173577,0.0000
2012-10-26,134.1000,135.7500,131.3500,132.3500,114.2801,70474,0.0000
2012-10-19,134.8000,139.1500,132.7000,133.9000,115.6185,111674,0.0000
2012-10-12,136.4000,138.4500,132.7500,134.1500,115.8343,88429,0.0000
2012-10-05,134.3000,141.5000,133.3000,136.3000,117.6908,160361,0.0000
2012-09-28,135.7000,138.6000,133.2000,133.8000,115.5321,115110,0.0000
2012-09-21,132.0000,139.8000,130.8500,134.8500,116.4388,331610,0.0000
2012-09-14,136.0000,136.0000,130.2500,131.1500,113.2439,105986,0.0000
2012-09-07,126.4000,135.5500,125.7500,131.6500,113.6757,317380,0.0000
2012-08-31,132.5000,134.6000,125.0000,126.6500,109.3583,175562,0.0000
2012-08-24,132.4500,142.4000,131.3500,132.5000,114.4096,407071,0.0000
2012-08-17,133.4000,136.7000,131.2000,131.5000,113.5461,129988,0.0000
2012-08-10,135.0000,139.4000,131.9000,133.1500,114.9709,268874,0.0000
2012-08-03,130.3000,143.2000,126.0000,134.8000,116.3956,711040,0.0000
2012-07-27,150.0000,150.0000,128.0500,129.2000,111.5602,299704,0.0000
2012-07-20,144.3500,160.9000,137.0500,146.7500,126.7140,1235960,0.0000
2012-07-13,318.0000,328.9000,142.0500,143.3500,123.7782,640145,3.5000
2012-07-06,287.4000,324.3500,285.6500,316.8500,133.6810,1422472,0.0000
2012-06-29,284.0000,291.0000,280.6500,286.4000,120.8340,236934,0.0000
2012-06-22,275.0000,290.8500,273.2500,282.6500,119.2518,624192,0.0000
2012-06-15,276.0000,292.9500,267.5000,281.8000,118.8932,999370,0.0000
2012-06-08,272.9000,278.1000,264.0000,273.5500,115.4125,371952,0.0000
2012-06-01,234.2500,296.7000,234.0000,268.8500,113.4295,2711964,0.0000
2012-05-25,222.0000,239.9000,220.0000,230.9500,97.4393,91754,0.0000
2012-05-18,233.3500,233.3500,218.0000,223.3000,94.2117,55258,0.0000
2012-05-11,232.0000,251.9500,229.0000,231.6000,97.7135,73146,0.0000
2012-05-04,240.1000,250.9500,236.2000,237.9000,100.3715,71924,0.0000
2012-04-27,250.0000,252.5500,237.0000,237.2500,100.0973,87846,0.0000
2012-04-20,254.0000,255.2000,244.5000,248.2500,104.7382,111112,0.0000
2012-04-13,257.0000,262.5000,252.2000,254.2500,107.2697,84020,0.0000
2012-04-04,254.8000,264.1500,253.6000,256.7500,108.3244,114156,0.0000
2012-03-30,264.1000,265.4000,249.4500,253.7000,107.0376,300828,0.0000
2012-03-23,286.4000,304.2000,261.0000,262.7000,110.8348,3674028,0.0000
2012-03-16,253.7500,293.8000,248.2000,285.2500,120.3488,2124540,0.0000
2012-03-09,253.9000,265.9000,243.0000,251.5500,106.1305,365008,0.0000
2012-03-02,250.9500,259.7500,242.1000,252.0500,106.3415,184664,0.0000
2012-02-24,266.4000,270.0000,248.1500,250.5500,105.7086,115712,0.0000
2012-02-17,257.8000,277.3000,250.0500,263.4000,111.1301,332816,0.0000
2012-02-10,257.5500,267.5000,251.0000,254.3500,107.3119,409382,0.0000
2012-02-03,245.0500,261.5000,240.1500,256.2500,108.1135,635676,0.0000
2012-01-27,243.2000,250.0000,239.1500,245.9500,103.7678,127042,0.0000
2012-01-20,235.1500,253.0000,234.5500,243.7000,102.8186,222006,0.0000
2012-01-13,218.3000,256.0000,217.0000,240.9000,101.6372,779090,0.0000
2012-01-06,215.6000,230.6000,212.9500,220.1000,92.8616,356706,0.0000
2011-12-30,216.0000,227.0000,210.2500,214.2000,90.3723,282636,0.0000
2011-12-23,210.6000,221.8000,190.5500,215.8500,91.0685,284180,0.0000
2011-12-16,226.9500,226.9500,210.6000,211.7000,89.3176,75750,0.0000
2011-12-09,230.7000,233.8500,218.5000,221.1500,93.3046,69844,0.0000
2011-12-02,220.5500,236.5000,220.0500,229.5500,96.8486,298392,0.0000
2011-11-25,224.0000,233.3000,205.0000,217.5500,91.7857,210160,0.0000
2011-11-18,250.1000,257.3000,221.7000,225.5000,95.1399,100198,0.0000
2011-11-11,263.0000,267.7500,248.1000,248.9500,105.0336,82342,0.0000
2011-11-04,254.9000,270.0000,253.0500,263.0500,110.9824,420824,0.0000
2011-10-28,255.0000,257.9000,253.0000,253.9500,107.1431,18030,0.0000
2011-10-25,257.7000,258.9500,248.0000,250.8000,105.8141,48860,0.0000
2011-10-21,257.6000,260.9500,249.5000,251.6000,106.1516,219972,0.0000
2011-10-14,239.6000,266.0000,239.0000,257.0000,108.4299,605998,0.0000
2011-10-07,240.6000,248.0000,233.9500,238.7000,100.7090,144872,0.0000
2011-09-30,235.1000,255.0000,232.1000,245.7000,103.6624,660162,0.0000
2011-09-23,251.1000,263.7500,231.1500,235.7500,99.4644,355894,0.0000
2011-09-16,258.0000,267.5000,247.0500,252.7000,106.6157,787306,0.0000
2011-09-09,221.1000,276.0000,217.3000,262.1500,110.6027,2613692,0.0000
2011-09-02,236.3000,237.9000,220.6000,222.6500,93.9374,100274,0.0000
2011-08-30,234.4000,240.0000,229.0500,231.1500,97.5236,118730,0.0000
2011-08-26,227.0000,255.5500,224.0000,229.3000,96.7431,472832,0.0000
2011-08-19,259.4500,263.0000,220.0000,226.2000,95.4352,236482,0.0000
2011-08-12,263.5000,266.6000,235.4000,254.8500,107.5228,564166,0.0000
2011-08-05,329.7500,337.8000,261.0000,269.9500,113.8936,2033466,0.0000
2011-07-29,325.5000,371.0000,310.1000,324.2000,136.7820,6457368,0.0000
2011-07-22,271.4000,362.4000,268.5000,327.7000,138.2587,7930096,3.0000
2011-07-15,266.0500,275.0000,263.1000,270.9000,111.7630,168164,0.0000
2011-07-08,248.6000,286.0000,247.0000,265.3500,109.4733,580000,0.0000
2011-07-01,234.0000,250.0000,230.1000,247.6500,102.1709,210136,0.0000
2011-06-24,240.0000,244.2000,227.1000,234.9500,96.9314,222216,0.0000
2011-06-17,239.1000,262.0000,235.0000,240.4000,99.1798,473242,0.0000
2011-06-10,243.0000,252.0000,237.5000,238.6000,98.4372,66636,0.0000
2011-06-03,229.5000,254.6000,229.0500,241.7500,99.7368,224018,0.0000
2011-05-27,234.0000,234.9500,226.0000,229.3000,94.6004,43550,0.0000
2011-05-20,227.0000,239.3500,224.1500,233.9500,96.5188,152818,0.0000
2011-05-13,240.0000,240.0000,221.1500,225.9500,93.2183,72206,0.0000
2011-05-06,245.1000,246.8500,222.6000,224.8500,92.7645,102612,0.0000
2011-04-29,251.8000,259.6000,242.0000,244.1500,100.7269,193848,0.0000
2011-04-21,250.7000,256.9000,242.0500,249.6500,102.9960,199520,0.0000
2011-04-15,255.4500,258.0000,244.1500,248.8000,102.6454,168308,0.0000
2011-04-08,233.8000,268.0000,230.1000,253.6000,104.6257,631136,0.0000
2011-04-01,224.9000,240.2500,221.5000,230.4500,95.0748,687896,0.0000
2011-03-25,222.0000,228.0000,219.1000,224.0000,92.4138,241844,0.0000
2011-03-18,222.0000,228.7500,212.0500,220.3500,90.9080,246938,0.0000
2011-03-11,215.1000,232.0000,209.0000,220.5500,90.9905,419676,0.0000
2011-03-04,208.2000,223.0000,206.1000,216.4000,89.2784,290044,0.0000
2011-02-25,220.3000,230.6500,199.0000,206.5000,85.1940,244716,0.0000
2011-02-18,225.9000,236.5000,218.0000,219.8000,90.6811,337290,0.0000
2011-02-11,230.0000,243.7500,215.2500,221.3000,91.2999,802356,0.0000
2011-02-04,236.0000,252.7500,218.2000,228.4000,94.2291,475104,0.0000
2011-01-28,254.5000,284.5000,237.0000,241.4500,99.6130,1664404,0.0000
2011-01-21,269.5000,277.0000,251.3000,252.3500,104.1100,171354,0.0000
2011-01-14,283.0500,294.0000,268.3500,269.8000,111.3092,235584,0.0000
2011-01-07,316.0000,320.5000,282.0000,283.1500,116.8169,351986,0.0000
2010-12-31,311.0000,333.6000,303.0000,313.2500,129.2350,1632768,0.0000
2010-12-24,280.0000,316.6000,265.0000,310.6500,128.1623,784078,0.0000
2010-12-16,274.0000,290.0000,257.3500,272.1500,112.2787,58400,0.0000
2010-12-10,289.0000,297.7500,242.0000,260.4500,107.4517,59602,0.0000
2010-12-03,280.0000,298.0000,272.2000,282.2500,116.4455,100124,0.0000
2010-11-26,311.0000,314.9500,245.0000,279.6000,115.3523,74774,0.0000
2010-11-19,335.5000,342.1000,305.6000,308.2500,127.1722,137288,0.0000
2010-11-12,330.0000,365.5000,323.1000,334.9500,138.1875,387350,0.0000
2010-11-04,335.0000,337.9500,303.0000,323.6500,133.5256,67024,0.0000
2010-10-29,323.8000,349.2000,320.0000,332.5500,137.1974,359896,0.0000
2010-10-22,323.5000,330.3500,317.0000,319.8000,131.9372,90874,0.0000
2010-10-15,342.9000,347.2000,322.1000,324.5500,133.8969,235882,0.0000
2010-10-08,333.0000,349.0000,324.0000,340.2500,140.3741,475452,0.0000
2010-10-01,343.0000,352.0000,311.2500,327.4500,135.0933,359300,0.0000
2010-09-24,337.1500,357.9000,312.5000,340.3500,140.4154,2467202,0.0000
2010-09-17,358.5000,372.4000,335.1500,336.9500,139.0127,820368,0.0000
2010-09-09,350.5000,385.4000,345.0000,354.2000,146.1294,2582472,0.0000
2010-09-03,261.9000,360.8000,260.3000,348.5000,143.7778,6773594,0.0000
2010-08-27,267.5000,272.9500,251.2000,257.3500,106.1728,105150,0.0000
2010-08-20,282.9000,282.9000,263.3000,265.1500,109.3907,153658,0.0000
2010-08-13,259.8500,288.1000,252.0500,280.4000,115.6823,716302,0.0000
2010-08-06,263.8500,272.8000,245.4500,256.2500,105.7189,284244,0.0000
2010-07-30,238.5000,278.0000,231.0000,259.2000,106.9360,2224912,2.0000
2010-07-23,213.5000,248.6000,211.1000,234.6500,95.3562,1215418,0.0000
2010-07-16,216.9500,219.9500,212.0000,213.1000,86.5988,40722,0.0000
2010-07-09,216.1000,219.0000,211.5000,213.3500,86.7004,30876,0.0000
2010-07-02,216.6000,222.6000,214.0000,214.8500,87.3100,39936,0.0000
2010-06-25,222.0000,223.9000,215.1000,215.9500,87.7570,185408,0.0000
2010-06-18,218.0500,227.9000,216.1000,217.9000,88.5494,67800,0.0000
2010-06-11,221.0000,226.0000,215.6000,216.6500,88.0414,31108,0.0000
2010-06-04,230.4000,234.5000,222.1000,223.8000,90.9470,47664,0.0000
2010-05-28,226.9000,235.7000,220.1000,229.1000,93.1008,100558,0.0000
2010-05-21,220.0000,230.8000,214.0000,225.4000,91.5972,178264,0.0000
2010-05-14,218.5000,230.5000,214.0000,220.8500,89.7482,142192,0.0000
2010-05-07,234.9000,236.0000,215.1000,216.4500,87.9602,64924,0.0000
2010-04-30,228.0000,244.0000,226.3500,236.3000,96.0267,222796,0.0000
2010-04-23,220.0000,234.0000,220.0000,227.5500,92.4709,49642,0.0000
2010-04-16,231.0000,237.9000,222.5000,224.0000,91.0283,52168,0.0000
2010-04-09,234.0000,239.8000,229.1000,229.8000,93.3853,114722,0.0000
2010-04-01,226.0000,237.5000,225.1500,232.1500,94.3403,147296,0.0000
2010-03-26,218.9500,235.8000,218.9500,229.7500,93.3650,266550,0.0000
2010-03-19,222.0000,231.0000,217.1000,222.2500,90.3172,1439068,0.0000
2010-03-12,221.0500,231.0000,218.5000,222.0500,90.2359,249576,0.0000
2010-03-05,216.6000,223.7000,215.0000,219.4000,89.1590,101312,0.0000
2010-02-26,219.0000,235.6000,212.0500,212.7000,86.4363,1627044,0.0000
2010-02-19,217.8000,233.0000,210.2000,217.3500,88.3259,542638,0.0000
2010-02-11,210.0000,218.4000,207.0000,213.2500,86.6598,145618,0.0000
2010-02-05,215.1000,240.0000,207.1500,209.5000,85.1359,594526,0.0000
2010-01-29,222.9500,231.0000,202.1000,215.9500,87.7570,348792,0.0000
2010-01-22,238.0000,245.0000,217.0000,221.1500,89.8701,287484,0.0000
2010-01-15,225.9500,252.0000,223.0000,239.0500,97.1443,744964,0.0000
2010-01-08,211.6000,244.9000,211.0500,222.9500,90.6016,1815798,0.0000
2009-12-31,216.8000,221.0000,210.0500,210.9000,85.7048,132342,0.0000
2009-12-24,210.1500,222.5000,202.1000,213.5500,86.7817,426626,0.0000
2009-12-18,190.9500,233.9000,188.4000,209.9500,85.3187,1898560,0.0000
2009-12-11,189.7500,212.4500,188.0000,189.5500,77.0286,249314,0.0000
2009-12-04,184.0500,197.0000,180.2500,190.0500,77.2318,67936,0.0000
2009-11-27,189.0000,192.0000,176.1000,180.6000,73.3916,43238,0.0000
2009-11-20,193.7500,193.7500,185.1000,188.0000,76.3988,33794,0.0000
2009-11-13,197.9000,204.9500,185.3000,186.8500,75.9314,80312,0.0000
2009-11-06,190.1000,198.0000,173.6000,193.4500,78.6135,61272,0.0000
2009-10-30,211.0000,217.0000,189.0000,191.8500,77.9633,61008,0.0000
2009-10-23,221.0000,233.9000,210.0000,210.9000,85.7048,131202,0.0000
2009-10-16,219.9000,224.8000,210.0000,215.9000,87.7367,160278,0.0000
2009-10-09,212.5000,222.0000,203.0000,215.9000,87.7367,183916,0.0000
2009-10-01,224.0000,229.0000,215.0000,216.9000,88.1430,65890,0.0000
2009-09-25,228.5500,236.9000,209.0000,225.2000,91.5160,371542,0.0000
2009-09-18,193.0000,232.7500,190.0000,224.1500,91.0893,451792,0.0000
2009-09-11,205.8000,219.7500,192.5000,193.8000,78.7557,109456,0.0000
2009-09-04,206.2000,218.9000,194.0000,202.5000,82.2912,167152,0.0000
2009-08-28,184.5000,231.8000,174.0000,210.4000,85.5016,368742,0.0000
2009-08-21,178.0000,184.0000,171.1000,173.0500,70.3234,24172,0.0000
2009-08-14,191.6500,191.6500,161.3500,183.9000,74.7326,58382,0.0000
2009-08-07,174.7000,182.0000,168.2000,169.0000,68.6776,45870,0.0000
2009-07-31,185.0000,193.0000,175.1000,176.5000,71.7254,63420,0.0000
2009-07-24,180.0000,191.4000,175.0000,182.5000,74.1637,56054,2.0000
2009-07-17,160.0000,184.0000,151.2000,177.1000,70.3438,93066,0.0000
2009-07-10,183.0000,192.0000,158.0000,161.6000,64.1872,76978,0.0000
2009-07-03,191.7000,210.0000,177.5000,186.7500,74.1767,87714,0.0000
2009-06-26,171.1000,208.0500,160.0000,193.6500,76.9174,91642,0.0000
2009-06-19,192.0000,195.0000,159.0000,168.3000,66.8484,63378,0.0000
2009-06-12,220.0000,222.0000,192.5000,193.4000,76.8181,90540,0.0000
2009-06-05,221.0000,238.6000,202.0000,223.0500,88.5950,147744,0.0000
2009-05-29,192.0000,232.0000,190.0000,217.0500,86.2118,210736,0.0000
2009-05-22,150.0000,203.6000,140.0000,188.6000,74.9115,226374,0.0000
2009-05-15,120.1500,144.8000,119.5000,134.4000,53.3834,146210,0.0000
2009-05-08,121.5500,129.5000,118.1000,119.0000,47.2666,48906,0.0000
2009-04-29,122.8000,136.8000,117.1000,122.0500,48.4780,50248,0.0000
2009-04-24,118.1000,124.0000,113.7000,118.3000,46.9885,27400,0.0000
2009-04-17,125.9500,139.5000,115.1000,117.9000,46.8296,126088,0.0000
2009-04-09,98.0000,135.5000,92.2000,121.5000,48.2595,263676,0.0000
2009-04-02,92.0000,97.9000,85.5500,94.7500,37.6345,83672,0.0000
2009-03-27,88.5000,94.9000,86.0000,89.4500,35.5294,44058,0.0000
2009-03-20,75.0000,96.2000,71.5500,91.9000,36.5025,131516,0.0000
2009-03-13,78.0000,79.0000,72.3000,73.7500,29.2933,33014,0.0000
2009-03-09,81.3500,81.3500,77.4000,77.7000,30.8623,10112,0.0000
2009-03-06,87.0000,99.8000,80.1000,81.3000,32.2922,164676,0.0000
2009-02-27,88.0000,91.8000,85.0500,86.8000,34.4768,11262,0.0000
2009-02-20,100.0000,102.9500,90.0000,90.6000,35.9861,48686,0.0000
2009-02-13,102.0000,104.8000,99.0000,100.0000,39.7198,17974,0.0000
2009-02-06,104.0000,107.0000,97.1500,101.1000,40.1567,26880,0.0000
2009-01-30,98.1000,104.7000,96.5000,102.0500,40.5340,12786,0.0000
2009-01-23,101.5000,105.0000,94.1500,99.2000,39.4020,14850,0.0000
2009-01-16,121.0000,121.0000,101.1000,102.8000,40.8319,19536,0.0000
2009-01-09,126.9000,128.4500,107.0000,111.8500,44.4266,28368,0.0000
2009-01-02,111.0000,130.0000,109.1000,121.2000,48.1404,33336,0.0000
2008-12-26,125.0000,130.0000,112.2000,113.2000,44.9628,24332,0.0000
2008-12-19,114.0000,141.0000,103.6000,119.5000,47.4652,66400,0.0000
2008-12-12,100.1000,114.7000,96.1500,107.2500,42.5995,25214,0.0000
2008-12-05,99.0000,103.0000,97.5000,98.3000,39.0446,14172,0.0000
2008-11-28,104.5500,104.5500,99.0000,100.0000,39.7198,13300,0.0000
2008-11-21,111.0000,114.0000,96.1000,100.7500,40.0177,49732,0.0000
2008-11-14,121.9500,126.9500,113.2000,114.3000,45.3997,11396,0.0000
2008-11-07,125.0000,137.0000,112.0000,121.8500,48.3986,51044,0.0000
2008-10-31,94.3000,126.9000,94.3000,120.4000,47.8226,19368,0.0000
2008-10-24,110.0500,128.8000,102.0000,104.4000,41.4675,37916,0.0000
2008-10-17,125.2000,139.7500,106.0000,114.6500,45.5387,77064,0.0000
2008-10-10,168.5000,172.0000,118.2000,126.5000,50.2455,78324,0.0000
2008-10-03,199.9000,199.9000,165.0000,171.9500,68.2982,114148,0.0000
2008-09-26,255.0000,258.0000,195.0000,198.4000,78.8041,234936,0.0000
2008-09-19,1267.5000,1520.1500,243.0000,260.4000,103.4303,866316,0.0000
2008-09-12,1197.4000,1645.0000,1155.0000,1342.9500,106.6834,582940,0.0000
2008-09-05,1098.5000,1127.5000,1082.5000,1092.4250,86.7818,21300,0.0000
2008-08-29,1195.0000,1195.0000,1061.5500,1095.9750,87.0638,17960,0.0000
2008-08-22,1117.5000,1175.5250,1090.0000,1115.5250,88.6168,33680,0.0000
2008-08-14,1191.2250,1206.2250,1125.0000,1136.5500,90.2871,18780,0.0000
2008-08-08,1160.5000,1210.5000,1142.5000,1179.4500,93.6950,23000,0.0000
2008-08-01,1200.0000,1201.1000,1156.0250,1174.1500,93.2740,21020,0.0000
2008-07-25,1075.0000,1272.5000,1052.5000,1192.6000,94.7397,56700,0.0000
2008-07-18,1049.5000,1094.9500,1036.5000,1074.3500,85.3459,36180,20.0000
2008-07-11,1010.5000,1100.0000,980.5000,1059.5750,68.2033,36740,0.0000
2008-07-04,1043.1500,1153.0000,962.5000,1000.7250,64.4152,83200,0.0000
2008-06-27,1053.5000,1114.9250,1010.0000,1053.7000,67.8251,65660,0.0000
2008-06-20,1087.5000,1257.4250,1075.5000,1094.7750,70.4690,85620,0.0000
2008-06-13,1080.3000,1110.0000,1010.5000,1090.5500,70.1971,34140,0.0000
2008-06-06,1222.5000,1246.5000,1100.5000,1115.7000,71.8160,41900,0.0000
2008-05-30,1312.5000,1335.0000,1222.7250,1240.6500,79.8588,84020,0.0000
2008-05-23,1400.0000,1545.0000,1300.0000,1317.6000,84.8120,207820,0.0000
2008-05-16,1225.0000,1423.0000,1212.5000,1377.6000,88.6741,54240,0.0000
2008-05-09,1425.0000,1432.5000,1236.1750,1254.4000,80.7439,44760,0.0000
2008-05-02,1315.0000,1451.0000,1265.0250,1405.5500,90.4732,74860,0.0000
2008-04-25,1349.9750,1350.0000,1262.5000,1306.3250,84.0862,75120,0.0000
2008-04-17,1245.5000,1399.0000,1245.5000,1311.9750,84.4499,49940,0.0000
2008-04-11,1140.5000,1269.3750,1105.0000,1269.3750,81.7078,58440,0.0000
2008-04-04,1123.5000,1313.8250,1122.5000,1172.6500,75.4817,95580,0.0000
2008-03-28,950.5000,1083.3750,906.6250,1083.3750,69.7352,84580,0.0000
2008-03-19,1085.0000,1140.0000,940.7500,963.5500,62.0223,146080,0.0000
2008-03-14,1050.0000,1300.5000,1043.9000,1134.1000,73.0003,94660,0.0000
2008-03-07,1340.0000,1374.9500,1159.8750,1159.8750,74.6594,37980,0.0000
2008-02-29,1477.5000,1477.5000,1350.0000,1379.1000,88.7706,49320,0.0000
2008-02-22,1426.8500,1549.9500,1425.5500,1477.1500,95.0820,69480,0.0000
2008-02-15,1367.5000,1425.0000,1232.6000,1358.9250,87.4720,76460,0.0000
2008-02-08,1580.0000,1615.5000,1437.4000,1437.6000,92.5362,91940,0.0000
2008-02-01,1509.5000,1747.4000,1475.0000,1519.3250,97.7967,101000,0.0000
2008-01-25,1959.5000,1959.5000,1432.1500,1509.5000,97.1643,112680,0.0000
2008-01-18,2167.3500,2200.0000,1926.0000,1990.8750,128.1497,60680,0.0000
2008-01-11,2350.0000,2499.5000,2120.5000,2134.5250,137.3962,125580,0.0000
2008-01-04,2355.0000,2605.0000,2305.5000,2329.3750,149.9384,147760,0.0000
2007-12-28,2225.0000,2437.5000,2151.0000,2340.9500,150.6835,71460,0.0000
2007-12-20,2324.8500,2378.5000,2122.5000,2137.4250,137.5829,86080,0.0000
2007-12-14,2390.0000,2499.0000,2305.0000,2331.3000,150.0623,90600,0.0000
2007-12-07,2202.6000,2596.7250,2153.0000,2362.0250,152.0401,148760,0.0000
2007-11-30,2595.0000,2595.0000,2120.0000,2136.3750,137.5153,198060,0.0000
2007-11-23,2662.5000,2819.5000,2378.5000,2519.2750,162.1620,275540,0.0000
2007-11-16,2616.1500,3028.4750,2485.3500,2689.4500,173.1159,542280,0.0000
2007-11-08,3400.0000,3497.0000,2898.7500,2898.7500,186.5882,375640,0.0000
2007-11-02,3448.9750,4140.4250,3200.0500,3558.8250,229.0763,2837900,0.0000
2007-10-26,2000.0000,3135.4500,1712.5000,3135.4500,201.8243,2136840,0.0000
2007-10-19,1657.5000,2100.0000,1550.0000,1748.7000,112.5612,684560,0.0000
2007-10-12,1750.0000,1780.0000,1577.5000,1634.1500,105.1878,182760,0.0000
2007-10-05,1642.5000,1895.0000,1642.5000,1740.4500,112.0302,263440,0.0000
2007-09-28,1827.2000,1999.5000,1642.5500,1654.1000,106.4720,516160,0.0000
2007-09-21,1420.5000,1721.1000,1390.0000,1721.1000,110.7847,549480,0.0000
2007-09-14,1318.0000,1494.0000,1318.0000,1412.0250,90.8900,123640,0.0000
2007-09-07,1375.0000,1394.5000,1325.0000,1339.9000,86.2474,53400,0.0000
2007-08-31,1344.5000,1430.0000,1325.0000,1365.0000,87.8630,85300,0.0000
2007-08-24,1460.5000,1494.5000,1288.0250,1321.7250,85.0775,141560,0.0000
2007-08-17,1487.5500,1532.7000,1333.5000,1417.9250,91.2697,128420,0.0000
2007-08-10,1305.0000,1624.5000,1305.0000,1459.8250,93.9668,476320,0.0000
2007-08-03,1460.5000,1460.5000,1300.5250,1326.2500,85.3688,254280,0.0000
2007-07-27,1175.6750,1639.2000,1155.0000,1447.0500,93.1445,1267820,0.0000
2007-07-20,1050.5000,1150.0000,1028.1750,1138.3500,73.2739,190600,0.0000
2007-07-13,1112.5000,1123.5000,1030.0000,1068.5750,68.7826,196840,0.0000
2007-07-06,990.0000,1135.0000,971.5750,1089.5250,70.1311,387520,0.0000
2007-06-29,975.6250,1011.0000,962.5000,976.0250,62.8253,89500,0.0000
2007-06-22,1025.5000,1048.5000,942.5000,989.3000,63.6798,277780,0.0000
2007-06-15,763.0000,1119.6500,763.0000,1013.3500,65.2278,2351160,0.0000
2007-06-08,750.5000,774.5000,726.1250,748.5500,48.1831,51580,0.0000
2007-06-01,757.5000,795.0000,740.5000,745.8250,48.0077,115780,0.0000
2007-05-25,718.0000,774.0000,715.0000,736.1750,47.3865,77700,0.0000
2007-05-18,730.0000,736.5000,711.5750,724.6250,46.6430,43400,0.0000
2007-05-11,746.2500,746.2500,712.5000,717.0000,46.1522,33160,0.0000
2007-05-04,742.0000,755.5000,735.0000,745.4000,47.9803,32660,0.0000
2007-04-30,725.0000,727.5000,718.0000,721.4750,46.4403,5480,0.0000
2007-04-27,759.9500,760.0000,725.0250,731.7000,47.0984,38300,0.0000
2007-04-20,792.5000,800.0000,740.0000,755.4500,48.6272,55100,0.0000
2007-04-13,749.5000,800.0000,725.5250,774.2750,49.8389,88840,0.0000
2007-04-05,667.5500,778.0000,667.5500,731.4750,47.0840,96620,0.0000
2007-03-30,705.0000,705.0000,658.5500,691.5250,44.5124,106640,0.0000
2007-03-23,684.0000,684.0000,646.1000,668.8750,43.0545,59520,0.0000
2007-03-16,675.0000,780.0000,665.2500,668.3750,43.0223,49360,20.0000
2007-03-09,696.5000,725.0000,643.5000,675.8750,30.7043,79520,0.0000
2007-03-02,680.0000,706.0000,662.5000,670.0250,30.4385,42280,0.0000
2007-02-23,760.5000,768.5000,675.0000,687.0000,31.2097,44840,0.0000
2007-02-15,775.5000,789.9750,666.0000,751.9000,34.1580,52780,0.0000
2007-02-09,832.0000,832.0000,769.0000,775.7750,35.2426,56740,0.0000
2007-02-02,870.5000,875.0000,819.0000,823.8500,37.4266,97140,0.0000
2007-01-25,830.5000,889.9500,807.5000,867.3750,39.4039,129600,0.0000
2007-01-19,871.0000,875.0000,830.0000,835.9000,37.9741,89960,0.0000
2007-01-12,810.0000,910.0000,800.5250,859.2250,39.0337,136640,0.0000
2007-01-05,807.5000,815.0000,780.3000,809.1500,36.7588,50080,0.0000
2006-12-29,792.5000,820.0000,775.5500,783.7500,35.6049,58120,0.0000
2006-12-22,825.0000,825.0000,775.0000,789.0000,35.8434,50240,0.0000
2006-12-15,820.0000,834.0000,762.5000,809.3500,36.7679,80080,0.0000
2006-12-08,783.0000,950.0000,781.3000,833.8250,37.8798,219680,0.0000
2006-12-01,786.5000,795.9250,770.5500,780.1250,35.4403,87220,0.0000
2006-11-24,790.0000,829.5000,750.0000,778.3750,35.3608,126420,0.0000
2006-11-17,827.0000,870.0000,766.6000,778.9500,35.3869,178660,0.0000
2006-11-10,879.8500,888.0000,817.5000,823.4500,37.4085,132480,0.0000
2006-11-03,932.7750,970.2500,858.5000,863.7750,39.2404,242820,0.0000
2006-10-27,989.5000,1000.0000,912.5000,918.6500,41.7333,88920,0.0000
2006-10-23,964.5000,1017.5000,964.5000,979.7000,44.5067,27940,0.0000
2006-10-20,920.2750,981.3000,885.0000,981.3000,44.5794,174320,0.0000
2006-10-13,910.5000,1022.5000,910.0000,934.0000,42.4306,214820,0.0000
2006-10-06,985.0000,1075.0000,925.0000,948.2000,43.0757,282700,0.0000
2006-09-29,1025.0000,1082.4250,862.7500,984.4750,44.7237,696420,0.0000
2006-09-22,995.0000,1230.0000,995.0000,1023.8750,46.5136,1427020,0.0000
2006-09-15,61.2500,949.5250,61.2250,949.5250,43.1359,1496660,0.0000
2006-09-08,59.3500,60.6250,56.5250,60.2160,27.3556,204640,0.0000
2006-09-01,52.3750,61.5000,50.6500,58.8030,26.7134,244120,0.0000
2006-08-25,49.1000,54.2450,49.1000,51.2390,23.2772,97600,0.0000
2006-08-18,50.0000,56.2250,49.0250,49.9510,22.6923,163520,0.0000
2006-08-11,44.9750,49.7500,43.7760,48.7910,22.1653,125520,0.0000
2006-08-04,42.1500,44.9500,40.5250,43.1740,19.6134,85440,0.0000
2006-07-28,36.2500,42.2230,34.8350,41.6190,18.9070,135320,0.0000
2006-07-21,45.2500,47.2500,38.7050,38.7050,17.5833,67520,20.0000
2006-07-14,45.5250,46.2250,43.2750,44.8750,11.0586,50920,0.0000
2006-07-07,44.1880,49.2500,43.1000,44.7400,11.0253,100520,0.0000
2006-06-30,42.9500,43.7500,38.0310,42.3950,10.4474,59720,0.0000
2006-06-23,37.0000,45.0280,37.0000,44.4940,10.9646,148800,0.0000
2006-06-16,41.8680,41.8680,34.1050,37.0480,9.1296,56160,0.0000
2006-06-09,54.1040,54.1040,44.0700,44.0700,10.8602,29640,0.0000
2006-06-02,61.8860,68.2290,56.9500,56.9500,14.0342,173880,0.0000
2006-05-26,51.7250,58.9400,48.9830,58.9400,14.5246,171600,0.0000
2006-05-19,63.3500,64.4750,54.2730,54.2730,13.3744,89480,0.0000
2006-05-12,60.0000,62.5950,54.6000,61.8340,15.2377,95160,0.0000
2006-05-05,63.7250,65.9990,59.7500,60.3690,14.8767,130040,0.0000
2006-04-28,60.0000,64.5730,57.5010,62.8660,15.4921,195680,0.0000
2006-04-21,53.3000,64.8510,51.4060,60.9750,15.0261,191520,0.0000
2006-04-13,45.5250,50.8160,45.0500,50.8160,12.5227,197640,0.0000
2006-04-07,44.3750,45.6250,42.9540,44.6590,11.0053,91160,0.0000
2006-03-31,45.6250,46.2490,42.5000,44.1930,10.8904,1649680,0.0000
2006-03-24,39.3250,45.6250,37.5000,45.0840,11.1100,334920,0.0000
2006-03-17,37.1250,39.7230,35.2250,38.7340,9.5452,166480,0.0000
2006-03-10,34.7500,37.3650,34.5000,37.0780,9.1370,237480,0.0000
2006-03-03,38.2750,38.9980,34.6250,34.8630,8.5912,308160,0.0000
2006-02-24,43.0000,43.5000,39.3980,39.3980,9.7087,169280,0.0000
2006-02-17,34.9500,42.9900,34.2500,42.8000,10.5472,190600,0.0000
2006-02-10,34.3750,35.9750,34.3480,34.6790,8.5459,110760,0.0000
2006-02-03,32.9250,34.9600,32.9250,33.9090,8.3561,159520,0.0000
2006-01-27,30.9000,32.3000,30.9000,32.3000,7.9597,57440,0.0000
2006-01-20,31.8480,31.9000,30.6280,31.3430,7.7237,75080,0.0000
2006-01-13,31.9750,32.3630,30.8000,31.2630,7.7040,38880,0.0000
2006-01-06,29.5280,32.2500,29.5280,31.3590,7.7277,31280,0.0000
2005-12-30,32.0000,32.0010,29.4240,29.7980,7.3430,54840,0.0000
2005-12-23,32.2500,33.3500,32.2000,32.5000,8.0090,77120,0.0000
2005-12-16,31.0110,32.2940,30.4000,32.1250,7.9166,83440,0.0000
2005-12-09,30.2480,30.8750,29.3760,30.4040,7.4924,80320,0.0000
2005-12-02,31.2250,31.2500,29.2000,30.2750,7.4607,67680,0.0000
2005-11-25,30.0090,30.3310,28.4250,30.3310,7.4745,90320,0.0000
2005-11-18,28.0650,29.4210,28.0650,29.4210,7.2503,74280,0.0000
2005-11-11,25.3750,27.5150,24.8750,27.5150,6.7805,59720,0.0000
2005-11-02,24.0250,25.0660,23.8750,24.9250,6.1423,34600,0.0000
2005-10-28,25.6250,25.8000,23.7530,23.9500,5.9020,50480,0.0000
2005-10-21,27.9950,28.5540,26.0690,26.0690,6.4241,48440,0.0000
2005-10-14,30.5000,30.7500,28.5660,28.5660,7.0396,36600,0.0000
2005-10-07,31.9590,33.2000,30.6890,30.6890,7.5626,99240,0.0000
2005-09-30,35.2000,35.8710,32.6100,32.6100,8.0361,169200,0.0000
2005-09-23,37.4130,38.9230,35.9180,35.9180,8.8512,153440,0.0000
2005-09-16,33.8880,36.6800,33.8880,36.6800,9.0391,19320,0.0000
2005-09-09,31.3100,33.2240,31.3100,33.2240,8.1873,27000,0.0000
2005-09-02,28.0000,30.6960,27.7800,30.6960,7.5645,63000,0.0000
2005-08-26,28.4860,29.0550,26.8980,28.3460,6.9854,168480,0.0000
2005-08-19,26.2000,27.9290,26.2000,27.9290,6.8825,84160,0.0000
2005-08-12,24.8750,25.8040,24.3180,25.8040,6.3588,182840,0.0000
2005-08-05,26.7050,26.7050,24.5000,25.2910,6.2325,371760,0.0000
2005-07-29,24.6750,26.1830,24.6750,26.1830,6.4522,32840,0.0000
2005-07-22,22.7810,24.1910,22.6260,24.1910,5.9615,305520,12.0000
2005-07-15,23.0390,23.0390,21.8780,22.3350,2.5469,179520,0.0000
2005-07-08,21.2500,22.5880,21.0480,22.5880,2.5756,191280,0.0000
2005-07-01,22.2000,22.4900,21.3950,21.4750,2.4488,107560,0.0000
2005-06-24,22.6250,22.6250,20.9510,21.8040,2.4863,149520,0.0000
2005-06-17,21.2680,23.0200,21.2680,22.1890,2.5302,278840,0.0000
2005-06-10,18.5100,20.8510,18.5100,20.8510,2.3777,48840,0.0000
2005-06-03,21.6000,21.6750,19.2730,19.2730,2.1976,65240,0.0000
2005-05-27,19.9500,21.5930,19.9500,21.3190,2.4310,290720,0.0000
2005-05-20,18.0740,19.5600,18.0740,19.5600,2.2304,152000,0.0000
2005-05-13,16.3740,17.7200,16.3740,17.7200,2.0206,364080,0.0000
2005-05-06,14.8340,16.0540,14.8340,16.0540,1.8306,94200,0.0000
2005-04-29,13.4380,14.5440,13.4380,14.5440,1.6584,222920,0.0000
2005-04-22,12.5360,13.1750,12.3750,13.1750,1.5023,113720,0.0000
2005-04-15,12.9600,12.9600,12.2750,12.2910,1.4016,92680,0.0000
2005-04-08,12.2690,13.0190,12.2690,12.8190,1.4617,226840,0.0000
2005-04-01,11.1150,12.0290,11.1150,12.0290,1.3716,19880,0.0000
2005-03-24,11.5000,11.5700,11.0880,11.1150,1.2674,61560,0.0000
2005-03-18,11.7260,12.0750,11.4430,11.4430,1.3048,88400,0.0000
2005-03-11,11.7480,11.9030,11.2710,11.9010,1.3571,139200,0.0000
2005-03-04,11.6000,11.6000,11.3260,11.5180,1.3133,79160,0.0000
2005-02-25,12.0050,12.4910,11.7230,11.7630,1.3413,36440,0.0000
2005-02-18,12.0510,12.3160,11.7000,12.0080,1.3692,44880,0.0000
2005-02-11,13.4380,13.5000,12.1530,12.1530,1.3857,34920,0.0000
2005-02-04,12.1880,13.4250,12.1880,13.2750,1.5137,79960,0.0000
2005-01-28,11.7750,12.1890,11.4790,12.1890,1.3899,10640,0.0000
2005-01-20,12.1250,12.6000,11.8750,11.9450,1.3621,26880,0.0000
2005-01-14,12.4000,12.5930,11.7840,11.8880,1.3555,37840,0.0000
