date,open,high,low,close,adjClose,volume
Wed Jan 01 2020,2168,2183.899902,2154,2167.600098,1980.29248,1354908
Thu Jan 02 2020,2179.949951,2179.949951,2149.199951,2157.649902,1971.202637,2380752
Fri Jan 03 2020,2164,2223,2164,2200.649902,2010.486328,4655761
Mon Jan 06 2020,2205,2225.949951,2187.899902,2200.449951,2010.303833,3023209
Tue Jan 07 2020,2200.5,2214.649902,2183.800049,2205.850098,2015.237915,2429317
Wed Jan 08 2020,2205,2260,2202.050049,2255.25,2060.368896,5197454
Thu Jan 09 2020,2248.75,2251.949951,2210,2214.350098,2023.00293,3734173
Fri Jan 10 2020,2228,2234,2208,2213.550049,2022.272095,1915807
Mon Jan 13 2020,2217.850098,2218.949951,2184.699951,2190.350098,2001.076904,2843893
Tue Jan 14 2020,2195,2229.800049,2195,2206.899902,2016.196411,2948452
Wed Jan 15 2020,2213,2231,2194.199951,2226.899902,2034.467896,2620681
Thu Jan 16 2020,2226.949951,2249,2215,2238.800049,2045.340332,3117214
Fri Jan 17 2020,2240.75,2253.550049,2213,2219.100098,2027.342651,3281059
Mon Jan 20 2020,2194.899902,2242.199951,2156.199951,2170.350098,1982.804932,5817599
Tue Jan 21 2020,2169.949951,2186.550049,2158.050049,2171.050049,1983.44458,1902980
Wed Jan 22 2020,2181,2210,2173.699951,2206.899902,2016.196411,1773686
Thu Jan 23 2020,2209.800049,2217.75,2183.699951,2190.949951,2006.170166,2069866
Fri Jan 24 2020,2190.949951,2190.949951,2170,2183.399902,1999.25708,1319430
Mon Jan 27 2020,2189.699951,2193.449951,2165,2169.25,1986.300537,1549101
Tue Jan 28 2020,2174,2187.800049,2152,2183.75,1999.577148,1743024
Wed Jan 29 2020,2185,2186.949951,2150,2154.600098,1972.886108,2306761
Thu Jan 30 2020,2160,2165,2125,2137.850098,1957.548828,2098567
Fri Jan 31 2020,2139.399902,2144.350098,2071.600098,2079.050049,1903.707764,3287223
Mon Feb 03 2020,2152,2194.699951,2093.199951,2102.5,1925.180176,4728073
Tue Feb 04 2020,2129,2136.699951,2086.600098,2107.75,1929.987427,3509339
Wed Feb 05 2020,2115,2156.699951,2104.300049,2146.550049,1965.514648,2439322
Thu Feb 06 2020,2145,2174.199951,2115.5,2128.350098,1948.849731,2640065
Fri Feb 07 2020,2139,2151,2119,2136.550049,1956.358398,2083442
Mon Feb 10 2020,2140.899902,2167,2119,2161.949951,1979.616211,2383032
Tue Feb 11 2020,2163,2174.800049,2147.600098,2153.399902,1971.787231,1335820
Wed Feb 12 2020,2151.100098,2185,2150,2170.75,1987.67395,1620407
Thu Feb 13 2020,2172.949951,2197,2171,2191.949951,2007.085815,1645948
Fri Feb 14 2020,2188,2212,2171,2184.199951,1999.98938,1500115
Mon Feb 17 2020,2196.949951,2217,2190.199951,2203.25,2017.43335,1774724
Tue Feb 18 2020,2199.949951,2221,2186.050049,2215.75,2028.87854,2486223
Wed Feb 19 2020,2215.75,2230,2190.5,2196.350098,2011.114868,1760463
Thu Feb 20 2020,2204.5,2214.399902,2151.25,2156.800049,1974.900513,2317278
Mon Feb 24 2020,2156,2178.949951,2106.699951,2115.350098,1936.946533,3092877
Tue Feb 25 2020,2115.5,2176.649902,2111,2156.149902,1974.30542,2674567
Wed Feb 26 2020,2154,2163.899902,2112.949951,2123.600098,1944.500732,2686842
Thu Feb 27 2020,2119.949951,2119.949951,2086.199951,2105.5,1927.926636,2349001
Fri Feb 28 2020,2068,2069.5,1990,2000.150024,1831.462158,4298076
Mon Mar 02 2020,2035,2053.949951,1985.699951,2001.300049,1832.514893,2667076
Tue Mar 03 2020,2020,2060,2012,2036.199951,1864.471558,2757585
Wed Mar 04 2020,2056,2094.449951,2025,2083.199951,1907.50769,3237002
Thu Mar 05 2020,2085.699951,2147.75,2084.050049,2125.050049,1945.828369,3937056
Fri Mar 06 2020,2098,2123.649902,2071.600098,2116.449951,1937.953491,2595027
Mon Mar 09 2020,2075,2079.899902,1935,1972.349976,1806.006348,4940975
Wed Mar 11 2020,1933,1987.300049,1920,1953.699951,1788.929443,6796449
Thu Mar 12 2020,1904,1908.400024,1758.349976,1769.849976,1620.584839,8728786
Fri Mar 13 2020,1687.900024,1820,1506.050049,1806.300049,1653.960815,8029720
Mon Mar 16 2020,1755,1842.25,1675.849976,1696.400024,1553.32959,7844271
Tue Mar 17 2020,1730,1731,1623.150024,1658,1518.168091,5713248
Wed Mar 18 2020,1676.800049,1713.550049,1627.75,1654.400024,1514.871826,7258778
Thu Mar 19 2020,1559.699951,1685.449951,1546.75,1636.349976,1509.291382,5135111
Fri Mar 20 2020,1630,1869,1627,1797.449951,1657.882568,8547498
Mon Mar 23 2020,1620,1750,1617.75,1669.699951,1540.05188,7003490
Tue Mar 24 2020,1653.050049,1770,1632.849976,1703.150024,1570.904419,6350865
Wed Mar 25 2020,1700,1810,1680,1750.300049,1614.393799,2765520
Thu Mar 26 2020,1831.599976,1832.050049,1722.550049,1790.949951,1651.887329,4556067
Fri Mar 27 2020,1820,1850,1750.400024,1824.5,1682.832153,4331250
Mon Mar 30 2020,1766,1905,1763.550049,1778.5,1640.403931,8513547
Tue Mar 31 2020,1837.400024,1855,1780,1826.099976,1684.307861,3927593
Wed Apr 01 2020,1825.900024,1834.75,1702,1708.75,1576.06958,4941878
Fri Apr 03 2020,1740,1740,1650,1654.199951,1525.755493,5735369
Tue Apr 07 2020,1710,1785.849976,1705,1775.199951,1637.359985,5427577
Wed Apr 08 2020,1760,1806,1701,1705.449951,1573.026123,6285615
Thu Apr 09 2020,1750.449951,1778.800049,1731.199951,1766.150024,1629.013062,5307397
Mon Apr 13 2020,1761,1787,1746,1759.25,1622.648315,2990438
Wed Apr 15 2020,1785,1812,1727.800049,1735.150024,1600.420166,4761399
Thu Apr 16 2020,1709.949951,1764.900024,1675.050049,1716.050049,1582.803101,6245533
Fri Apr 17 2020,1800,1851.949951,1753,1806.199951,1665.953125,9895823
Mon Apr 20 2020,1830,1830,1802.5,1818.650024,1677.436401,3244282
Tue Apr 21 2020,1765,1794.599976,1727.699951,1737.650024,1602.725708,5122541
Wed Apr 22 2020,1737.650024,1790,1719.150024,1769.5,1632.102539,3829836
Thu Apr 23 2020,1780,1900,1760.849976,1878.25,1732.408447,5934366
Fri Apr 24 2020,1840.699951,1851.949951,1807.800049,1818.550049,1677.343872,2987102
Mon Apr 27 2020,1832.300049,1875,1825,1836.599976,1693.992676,3374741
Tue Apr 28 2020,1865,1868,1832.599976,1859.050049,1714.699585,2678505
Wed Apr 29 2020,1874,1912.550049,1850.050049,1905.650024,1757.68103,4241510
Thu Apr 30 2020,1980,2032,1942.199951,2014.449951,1858.032959,5915544
Mon May 04 2020,1966,1966,1913.650024,1930.449951,1780.555542,3729348
Tue May 05 2020,1955.099976,1977,1927,1932.75,1782.67688,2905528
Wed May 06 2020,1939.800049,1953.699951,1893.599976,1903.599976,1755.790161,3517431
Thu May 07 2020,1910,1934.449951,1883.349976,1891.650024,1744.768311,3166754
Fri May 08 2020,1939.099976,1939.5,1886.25,1893.400024,1746.382324,2686530
Mon May 11 2020,1909,1951.400024,1909,1935.300049,1785.028809,2449841
Tue May 12 2020,1933.400024,1956.5,1910.25,1949.5,1798.125977,3256595
Wed May 13 2020,1994,1994,1925.650024,1949.650024,1798.264648,2656665
Thu May 14 2020,1910,1923.099976,1891.099976,1902.349976,1754.637329,2263146
Fri May 15 2020,1916,1917.400024,1865.199951,1892.900024,1745.921143,3173682
Mon May 18 2020,1907,1952.949951,1872.099976,1945.599976,1794.528931,3727694
Tue May 19 2020,1903,1966.449951,1903,1948.650024,1797.342529,3198693
Wed May 20 2020,1950,1962.900024,1931.699951,1953.599976,1801.907837,2778505
Thu May 21 2020,1946,1998,1941.150024,1991.199951,1836.588501,3400908
Fri May 22 2020,1977.099976,2032,1961.25,2020.349976,1863.474731,3663418
Tue May 26 2020,2015,2024,1925,1943,1792.131348,4575317
Wed May 27 2020,1959,2010,1941.25,2005.300049,1849.59314,3482160
Thu May 28 2020,1988.5,2014,1971.300049,2004.300049,1848.671387,3475681
Fri May 29 2020,1982,2002.650024,1962.400024,1972.349976,1819.202026,7237735
Mon Jun 01 2020,1990,2060,1981.099976,2045.25,1886.44165,3747773
Tue Jun 02 2020,2060.199951,2081,2040.050049,2047.150024,1888.193604,2443886
Wed Jun 03 2020,2051.850098,2063.75,2020,2046.150024,1892.819458,3699799
Thu Jun 04 2020,2046.75,2100,2046.75,2091.550049,1934.817017,4048593
Fri Jun 05 2020,2091.600098,2098,2040.300049,2048.25,1894.761597,3573289
Mon Jun 08 2020,2078.25,2095,2062.100098,2071.75,1916.500854,2957841
Tue Jun 09 2020,2063.100098,2095.5,2060.25,2072.050049,1916.778442,2909439
Wed Jun 10 2020,2077.050049,2132,2073.5,2108.75,1950.728027,5168397
Thu Jun 11 2020,2100,2105,2061.800049,2067.649902,1912.708008,2269513
Fri Jun 12 2020,2011.199951,2049.199951,2011,2039.5,1886.66748,2842642
Mon Jun 15 2020,2039.099976,2059,2000.949951,2029.900024,1877.786865,2399022
Tue Jun 16 2020,2065,2073.949951,2031,2045.800049,1892.495483,2146528
Wed Jun 17 2020,2046,2058.850098,2026.550049,2047.800049,1894.345581,2703527
Thu Jun 18 2020,2045,2059.199951,2025.199951,2038.099976,1885.372314,1944389
Fri Jun 19 2020,2042,2090,2032,2044.599976,1891.385254,5681758
Mon Jun 22 2020,2050,2052.25,2019.150024,2027.949951,1875.983154,3196138
Tue Jun 23 2020,2027,2044,2010,2035.300049,1882.782227,4205944
Wed Jun 24 2020,2034,2064.25,2031.599976,2042.199951,1889.164917,2560937
Thu Jun 25 2020,2035,2060,2009.25,2016.099976,1865.020752,3043931
Fri Jun 26 2020,2025,2132,2019.949951,2118.850098,1960.071411,6300722
Mon Jun 29 2020,2108,2127.600098,2091.300049,2101.649902,1944.15979,3076341
Tue Jun 30 2020,2100,2111.899902,2075.050049,2082.149902,1926.12146,3071725
Wed Jul 01 2020,2079.699951,2113.949951,2079.5,2092.050049,1935.279419,2503466
Thu Jul 02 2020,2102,2165,2098,2157.149902,1995.500977,3758699
Fri Jul 03 2020,2163.649902,2205,2160.25,2199.649902,2034.816772,4185208
Mon Jul 06 2020,2205,2269.899902,2205,2263.199951,2093.60376,5190366
Tue Jul 07 2020,2275,2302.699951,2232.149902,2269.899902,2099.802002,5630055
Wed Jul 08 2020,2270,2274.399902,2207.600098,2218.899902,2052.624023,2793358
Thu Jul 09 2020,2229,2244.5,2191.050049,2204.350098,2039.164429,3443998
Fri Jul 10 2020,2205.25,2249.850098,2176,2222.350098,2055.815674,9610320
Mon Jul 13 2020,2220,2244.949951,2210,2220,2053.641602,2963503
Tue Jul 14 2020,2210,2239,2165,2171.949951,2009.191895,2976738
Wed Jul 15 2020,2185,2260,2181.100098,2233.899902,2066.499756,5569321
Thu Jul 16 2020,2244,2333,2220.100098,2234.75,2071.92334,8582118
Fri Jul 17 2020,2237,2243.899902,2190.050049,2200.75,2040.401001,4509135
Mon Jul 20 2020,2201,2226.899902,2190.800049,2207.899902,2047.030029,2952646
Tue Jul 21 2020,2230,2238.649902,2201.149902,2225.050049,2062.930176,2665286
Wed Jul 22 2020,2231,2231,2184.199951,2190.949951,2031.315063,2861534
Thu Jul 23 2020,2190.949951,2190.949951,2163,2171.199951,2013.003906,2265766
Fri Jul 24 2020,2154.5,2163,2125.100098,2157.399902,2000.209229,3665100
Mon Jul 27 2020,2165,2215,2163.5,2206.800049,2046.010254,4248480
Tue Jul 28 2020,2215,2320,2215,2309.75,2141.45874,8092319
Wed Jul 29 2020,2292,2342,2246.050049,2276.050049,2110.213867,6090431
Thu Jul 30 2020,2285.899902,2358,2272.25,2279.5,2113.413086,7098496
Fri Jul 31 2020,2303.149902,2334.800049,2257.449951,2281.399902,2115.174561,4723290
Mon Aug 03 2020,2290.449951,2303.850098,2230.699951,2254.149902,2089.909668,4012337
Tue Aug 04 2020,2259.949951,2269.649902,2225.050049,2249.699951,2085.78418,2927928
Wed Aug 05 2020,2260,2300,2253,2259.5,2094.870117,3800641
Thu Aug 06 2020,2275,2319.5,2265.350098,2308.100098,2139.929199,4748047
Fri Aug 07 2020,2308,2328,2287,2295.350098,2128.108643,3165491
Mon Aug 10 2020,2318,2325,2276.050049,2282.800049,2116.4729,2929353
Tue Aug 11 2020,2283,2312,2275.600098,2279.899902,2113.783936,2774423
Wed Aug 12 2020,2288.350098,2296.399902,2246.550049,2257.350098,2092.876465,3415751
Thu Aug 13 2020,2273,2300,2250.5,2254.449951,2090.187988,2695682
Fri Aug 14 2020,2277,2281.300049,2233.100098,2242.149902,2078.784668,2270405
Mon Aug 17 2020,2263,2270,2238.25,2253.399902,2089.214844,2625630
Tue Aug 18 2020,2262.800049,2289,2248.300049,2269.75,2104.373291,3493374
Wed Aug 19 2020,2276.350098,2284.600098,2252.5,2256.600098,2092.181885,2843005
Thu Aug 20 2020,2257,2276.550049,2240.050049,2252.850098,2088.704834,2895164
Fri Aug 21 2020,2260,2271,2241.050049,2248.600098,2084.764893,1975294
Mon Aug 24 2020,2250.600098,2259.949951,2230,2248.100098,2084.301025,2167966
Tue Aug 25 2020,2245,2250,2233.550049,2242.649902,2079.248047,1663419
Wed Aug 26 2020,2242,2259.899902,2216.449951,2253.5,2089.307129,2618149
Thu Aug 27 2020,2266,2287.350098,2241.75,2248.399902,2084.578613,3579393
Fri Aug 28 2020,2268.399902,2279.949951,2235.100098,2238.550049,2075.446533,2941136
Mon Aug 31 2020,2240,2276.199951,2228,2257.25,2092.783447,6018154
Tue Sep 01 2020,2269,2278,2241.300049,2246.350098,2082.678711,3610908
Wed Sep 02 2020,2247,2268.75,2241.649902,2265.149902,2100.108398,2084137
Thu Sep 03 2020,2268,2324,2268,2299.5,2131.956299,4654146
Fri Sep 04 2020,2275,2324.25,2262.949951,2288.800049,2122.0354,5231303
Mon Sep 07 2020,2289,2343.5,2283.350098,2327.050049,2157.499268,4620401
Tue Sep 08 2020,2335.949951,2390.449951,2327.050049,2348.199951,2177.107666,7453998
Wed Sep 09 2020,2325,2359,2320,2327.649902,2158.054443,3866535
Thu Sep 10 2020,2335,2348.5,2324.300049,2331.149902,2161.299805,2308813
Fri Sep 11 2020,2330.949951,2383,2330.149902,2374.100098,2201.120117,4145424
Mon Sep 14 2020,2384.100098,2505.75,2381.850098,2491.399902,2309.873291,7512131
Tue Sep 15 2020,2491.399902,2538,2464.600098,2491.399902,2309.873291,7318770
Wed Sep 16 2020,2488.949951,2507.600098,2477.300049,2503,2320.628418,3074003
Thu Sep 17 2020,2480,2495.75,2450.600098,2460.949951,2281.642822,4828176
Fri Sep 18 2020,2485,2500.399902,2436.399902,2449.899902,2271.397461,4183256
Mon Sep 21 2020,2465,2504.899902,2452.149902,2465.300049,2285.675049,4598809
Tue Sep 22 2020,2485,2555,2458,2522.949951,2339.125,7499613
Wed Sep 23 2020,2510,2519.850098,2409,2467.449951,2287.668945,7502280
Thu Sep 24 2020,2450,2450,2302.600098,2332.25,2162.31958,8424708
Fri Sep 25 2020,2368,2440,2352.100098,2422.300049,2245.808594,8228267
Mon Sep 28 2020,2440,2444,2366,2426.300049,2249.516846,4347166
Tue Sep 29 2020,2434.850098,2511.050049,2426.300049,2488.399902,2307.092285,6995811
Wed Sep 30 2020,2489,2505,2460,2492.300049,2310.708008,3917166
Thu Oct 01 2020,2510,2540,2492.300049,2523.449951,2339.588379,2610337
Mon Oct 05 2020,2620,2728.100098,2603.050049,2705.800049,2508.6521,17412105
Tue Oct 06 2020,2736,2736,2650.100098,2714.300049,2516.533203,9846367
Wed Oct 07 2020,2742,2770,2703,2735.949951,2536.605469,9656101
Thu Oct 08 2020,2800,2885,2800,2825.699951,2619.816162,19839329
Fri Oct 09 2020,2810,2829.850098,2780,2812.949951,2607.995605,7739245
Mon Oct 12 2020,2815.5,2854,2800.75,2830,2623.803223,4623203
Tue Oct 13 2020,2845,2854.899902,2812.199951,2826.550049,2620.604248,4209878
Wed Oct 14 2020,2842,2842,2787.550049,2809.600098,2615.995605,4395936
Thu Oct 15 2020,2811,2827.75,2727,2740.600098,2551.750488,6629355
Fri Oct 16 2020,2750.100098,2771.649902,2731.300049,2763.300049,2572.88623,5273773
Mon Oct 19 2020,2774,2774,2706.600098,2711.550049,2524.702148,3331194
Tue Oct 20 2020,2725,2759.899902,2717.949951,2739,2550.260254,3406273
Wed Oct 21 2020,2739,2749,2663.050049,2675.399902,2491.042969,4570143
Thu Oct 22 2020,2661,2686.649902,2638.100098,2671.149902,2487.085693,5262294
Fri Oct 23 2020,2687.800049,2702,2670.100098,2686.800049,2501.657471,3499091
Mon Oct 26 2020,2689.949951,2709.949951,2670.5,2688.199951,2502.960693,2672752
Tue Oct 27 2020,2699.75,2718.149902,2624.100098,2630.149902,2448.910645,3537502
Wed Oct 28 2020,2650,2655.949951,2606,2622.199951,2441.509033,3569445
Thu Oct 29 2020,2608,2655,2600.25,2632.649902,2451.23877,3105968
Fri Oct 30 2020,2636.100098,2674.350098,2621.600098,2664.850098,2481.220215,3427003
Mon Nov 02 2020,2660,2664.850098,2600.050049,2604.600098,2425.121826,2571196
Tue Nov 03 2020,2604,2665,2601.050049,2633.600098,2452.123291,2879269
Wed Nov 04 2020,2610,2721.850098,2610,2653.149902,2470.326416,4893928
Thu Nov 05 2020,2685,2710,2667,2685.699951,2500.633057,2816502
Fri Nov 06 2020,2699,2713.25,2681.300049,2707.449951,2520.884277,3884421
Mon Nov 09 2020,2731.100098,2744,2695.100098,2726.600098,2538.715332,3646592
Tue Nov 10 2020,2697.199951,2713.149902,2638.350098,2649.600098,2467.021484,4760020
Wed Nov 11 2020,2667.949951,2692.800049,2643.399902,2687.800049,2502.588867,3242441
Thu Nov 12 2020,2686,2713,2661.75,2671.050049,2486.992432,2437505
Fri Nov 13 2020,2655.75,2664.899902,2636,2656.850098,2473.77124,2548093
Sat Nov 14 2020,2677.949951,2689,2660.050049,2670.350098,2486.34082,298819
Tue Nov 17 2020,2695,2695,2650.050049,2666.050049,2482.337646,2827273
Wed Nov 18 2020,2661,2664.199951,2607.050049,2626.649902,2445.6521,2893762
Thu Nov 19 2020,2637,2676.149902,2630.850098,2636.899902,2455.195068,4167501
Fri Nov 20 2020,2655,2676,2627.550049,2660.25,2476.937256,2711471
Mon Nov 23 2020,2690,2730,2665,2724.25,2536.526367,3706418
Tue Nov 24 2020,2734.399902,2743,2705,2722.050049,2534.47876,3120516
Wed Nov 25 2020,2729,2732.949951,2688.199951,2701.300049,2515.158447,3302249
Thu Nov 26 2020,2686,2730.949951,2680,2720.600098,2533.128662,2341099
Fri Nov 27 2020,2705,2717.699951,2669.050049,2679.649902,2495,6086808
Tue Dec 01 2020,2679,2735.899902,2624.449951,2726.800049,2538.900635,3605017
Wed Dec 02 2020,2719,2754.699951,2702.449951,2749.550049,2560.083496,2509032
Thu Dec 03 2020,2773.899902,2773.899902,2700.800049,2709.449951,2522.746582,2852548
Fri Dec 04 2020,2710.800049,2738.850098,2699,2727.550049,2539.599365,2686527
Mon Dec 07 2020,2715,2744,2706.149902,2737.699951,2549.049561,1996400
Tue Dec 08 2020,2740,2805.550049,2732.449951,2797.300049,2604.542969,4277818
Wed Dec 09 2020,2815,2840,2793.149902,2810.800049,2617.112793,3659996
Thu Dec 10 2020,2818,2827.300049,2780.25,2784.300049,2592.438721,2127801
Fri Dec 11 2020,2792.699951,2807.699951,2764.550049,2783.600098,2591.786865,1795408
Mon Dec 14 2020,2802,2804,2756.25,2797.699951,2604.915283,2483658
Tue Dec 15 2020,2786,2794.699951,2755,2761.550049,2571.256592,2365509
Wed Dec 16 2020,2779,2819.800049,2760.449951,2814.199951,2620.277832,2565149
Thu Dec 17 2020,2811,2853.699951,2805,2838.199951,2642.625,2863460
Fri Dec 18 2020,2868,2898,2846.199951,2861,2663.853516,6076692
Mon Dec 21 2020,2861,2886.5,2785,2820.149902,2625.818359,2705195
Tue Dec 22 2020,2834,2883.649902,2818.649902,2872.5,2674.561279,2881737
Wed Dec 23 2020,2876.050049,2919,2865.449951,2908.75,2708.313232,2790988
Thu Dec 24 2020,2909,2921.350098,2883.199951,2909.350098,2708.87207,1807144
Mon Dec 28 2020,2910,2949.699951,2902,2929.399902,2727.540283,2108994
Tue Dec 29 2020,2920,2952,2920,2930.5,2728.564941,1994151
Wed Dec 30 2020,2934.399902,2947.699951,2902,2909.300049,2708.825439,2637968
Thu Dec 31 2020,2900,2905,2845,2862.75,2665.48291,4040956
Fri Jan 01 2021,2880,2940,2879,2928.25,2726.469971,2681440
Mon Jan 04 2021,2950,3050.75,2940.949951,3039.449951,2830.006592,5113293
Tue Jan 05 2021,3039.600098,3114.25,3039.600098,3093,2879.866943,5801309
Wed Jan 06 2021,3100,3113.5,3037.199951,3051.5,2841.226074,3726716
Thu Jan 07 2021,3075,3080.850098,3000.25,3032.800049,2823.814941,3717827
Fri Jan 08 2021,3090,3128,3060,3120.899902,2905.844482,5879039
Mon Jan 11 2021,3230,3230,3146.550049,3176.449951,2957.56665,9508039
Tue Jan 12 2021,3176.449951,3210,3150,3174.850098,2956.07666,3611458
Wed Jan 13 2021,3175,3177,3126.25,3158.949951,2941.272217,3572801
Thu Jan 14 2021,3155,3266.5,3120.399902,3250.699951,3032.460205,6931542
Fri Jan 15 2021,3235,3274,3210,3233.350098,3016.275146,4131692
Mon Jan 18 2021,3250,3256.75,3187.399902,3221.75,3005.453125,4160906
Tue Jan 19 2021,3233,3279,3232,3260.699951,3041.787842,2975735
Wed Jan 20 2021,3270,3327.949951,3267.100098,3308.800049,3086.659424,3453446
Thu Jan 21 2021,3305,3309.149902,3262.100098,3273.850098,3054.055908,2778546
Fri Jan 22 2021,3241.899902,3325,3241.899902,3303.100098,3081.342285,3052459
Mon Jan 25 2021,3308.949951,3339.800049,3278.649902,3291.300049,3070.334473,2272887
Wed Jan 27 2021,3300,3306.449951,3227,3261.050049,3042.115234,2786662
Thu Jan 28 2021,3230,3275,3183.800049,3196.550049,2981.945068,3083938
Fri Jan 29 2021,3210.050049,3216.850098,3100,3111.350098,2902.465576,5445659
Mon Feb 01 2021,3100,3165,3044.100098,3139.350098,2928.585938,3985846
Tue Feb 02 2021,3174,3224,3150,3203.449951,2988.381836,2881837
Wed Feb 03 2021,3213,3236,3162.649902,3200.050049,2985.209961,2505866
Thu Feb 04 2021,3216.050049,3237.850098,3176,3188.449951,2974.38916,2057261
Fri Feb 05 2021,3198.949951,3205.850098,3129,3157.949951,2945.936035,2366135
Mon Feb 08 2021,3189.5,3226,3155.149902,3214.100098,2998.317383,2526592
Tue Feb 09 2021,3195,3245.800049,3164,3176.899902,2963.614746,2658751
Wed Feb 10 2021,3185,3219.399902,3157.300049,3213.300049,2997.571045,2127983
Thu Feb 11 2021,3215,3219.300049,3185.050049,3206,2990.760498,1165882
Fri Feb 12 2021,3184.199951,3245.5,3182,3190.800049,2976.581299,2777404
Mon Feb 15 2021,3209,3209,3131.550049,3139.850098,2929.052002,2630853
Tue Feb 16 2021,3150,3167.649902,3100,3108.800049,2900.086426,3435770
Wed Feb 17 2021,3105.100098,3132.850098,3045.550049,3073.100098,2866.783447,3678426
Thu Feb 18 2021,3065,3097.899902,3031,3057.350098,2852.09082,4189909
Fri Feb 19 2021,3058,3087.149902,3016.149902,3071.850098,2865.616699,3725028
Mon Feb 22 2021,3096,3096,2943.149902,2958.449951,2759.830322,5366696
Tue Feb 23 2021,2970,3028,2968,2980.199951,2780.120361,3832829
Wed Feb 24 2021,2972,3003.350098,2921.149902,2948.100098,2750.174805,3774549
Thu Feb 25 2021,2974,3029.899902,2968.449951,2995.300049,2794.206543,4224073
Fri Feb 26 2021,2960,2972.350098,2880,2894.300049,2699.987061,5553153
Mon Mar 01 2021,2926,2965,2901.800049,2924.199951,2727.879639,3265871
Tue Mar 02 2021,2960,3025,2948,3006.350098,2804.514648,3306469
Wed Mar 03 2021,3035,3064,2996.899902,3059.100098,2853.723389,3509857
Thu Mar 04 2021,3023,3081.449951,3016.050049,3049.699951,2844.953857,3916760
Fri Mar 05 2021,3016.100098,3063.199951,2996.600098,3008.050049,2806.100586,3203686
Mon Mar 08 2021,3016,3033,2996,3006.949951,2805.074463,2003125
Tue Mar 09 2021,3006.949951,3066.899902,2992.100098,3050.949951,2846.120361,1942397
Wed Mar 10 2021,3075,3093.199951,3060,3070.949951,2864.778076,3053778
Fri Mar 12 2021,3075,3117,3041.350098,3057.949951,2852.650146,2938317
Mon Mar 15 2021,3041,3099,3041,3066.149902,2860.299805,3097083
Tue Mar 16 2021,3060,3141,3060,3110.050049,2901.252197,4894756
Wed Mar 17 2021,3105,3155,3085.300049,3112.949951,2903.95752,3838390
Thu Mar 18 2021,3125.949951,3146.449951,2987.050049,3036.5,2832.640625,3656306
Fri Mar 19 2021,3030,3099,3005,3050.199951,2845.42041,5776626
Mon Mar 22 2021,3048.699951,3139.449951,3018.649902,3129.649902,2919.536377,2821646
Tue Mar 23 2021,3140,3169,3122.850098,3142.600098,2931.617432,3305973
Wed Mar 24 2021,3111.199951,3152.300049,3111.149902,3121.100098,2911.561035,2207104
Thu Mar 25 2021,3112.199951,3130.850098,3050,3064.850098,2859.087158,3179786
Fri Mar 26 2021,3090.649902,3118,3043.050049,3066.800049,2860.906982,3697370
Tue Mar 30 2021,3083,3188.449951,3060.899902,3158.550049,2946.496338,4694008
Wed Mar 31 2021,3155,3205,3132,3177.850098,2964.500732,3530069
Thu Apr 01 2021,3191.100098,3215,3145,3165,2952.512939,4285076
Mon Apr 05 2021,3171,3263,3151,3238.899902,3021.451904,5317862
Tue Apr 06 2021,3275,3275,3230,3264.699951,3045.52002,2291562
Wed Apr 07 2021,3259,3277.550049,3234.800049,3271.399902,3051.770508,2491268
Thu Apr 08 2021,3270,3335,3266.050049,3317.350098,3094.635254,2578118
Fri Apr 09 2021,3354,3354.350098,3308,3322.25,3099.206055,2911129
Mon Apr 12 2021,3322.25,3338.100098,3213.199951,3246.550049,3028.588135,3791828
Tue Apr 13 2021,3214,3214,3073.050049,3104.050049,2895.655518,8654596
Thu Apr 15 2021,3160.300049,3237.25,3087.449951,3218.949951,3002.841309,6062760
Fri Apr 16 2021,3229,3247,3182.600098,3195.149902,2980.638916,3224657
Mon Apr 19 2021,3169,3189,3135.100098,3161.800049,2949.527832,2679106
Tue Apr 20 2021,3225,3225.350098,3126.350098,3144.550049,2933.436279,3141893
Thu Apr 22 2021,3148,3148,3105.25,3118.800049,2909.414795,1988980
Fri Apr 23 2021,3105,3119,3091.050049,3109.5,2900.739258,1615309
Mon Apr 26 2021,3102.050049,3153,3088.050049,3100.800049,2892.623047,2490260
Tue Apr 27 2021,3106,3136.100098,3103,3132,2921.729492,1471417
Wed Apr 28 2021,3149.949951,3151,3112,3124.100098,2914.359619,1639037
Thu Apr 29 2021,3145.600098,3157.350098,3105.5,3115.25,2906.103516,1621395
Fri Apr 30 2021,3099,3132.050049,3020,3035.649902,2831.847412,3072305
Mon May 03 2021,3024.899902,3055,3004,3037,2833.106934,1545831
Tue May 04 2021,3062.800049,3090,3035,3049.75,2845.000977,1990777
Wed May 05 2021,3070,3099.399902,3052.399902,3095.699951,2887.865967,1939289
Thu May 06 2021,3105.5,3134,3074,3111.449951,2902.558838,1791671
Fri May 07 2021,3133,3159.850098,3111.800049,3132.899902,2922.568359,1912540
Mon May 10 2021,3145.949951,3164.199951,3125,3145.5,2934.32251,2137153
Tue May 11 2021,3125,3128.100098,3091.149902,3122.600098,2912.960205,2415625
Wed May 12 2021,3120,3120,3070.600098,3087.600098,2880.309814,1978558
Fri May 14 2021,3098.5,3098.5,3040,3051.5,2846.633545,2043935
Mon May 17 2021,3055,3075.199951,3036,3069.75,2863.657715,2890462
Tue May 18 2021,3100,3124,3078,3088.800049,2881.429199,2098538
Wed May 19 2021,3084,3118,3067.100098,3082,2875.085449,1986041
Thu May 20 2021,3067.100098,3088.800049,3052.100098,3060,2854.5625,2329027
Fri May 21 2021,3061,3088.199951,3055.100098,3080.5,2873.686523,1685566
Mon May 24 2021,3081.5,3105,3072,3081.5,2874.619629,1652260
Tue May 25 2021,3092,3128.25,3082.100098,3114,2919.147217,1841613
Wed May 26 2021,3120,3165,3103.800049,3158.5,2960.862549,1923753
Thu May 27 2021,3161.949951,3217.75,3161.800049,3180,2981.01709,5959785
Fri May 28 2021,3189.5,3198,3135.649902,3143.600098,2946.89502,1763701
Mon May 31 2021,3150,3170.350098,3128.600098,3159.149902,2961.471924,1652799
Tue Jun 01 2021,3168.600098,3169.949951,3132,3153,2955.706543,1377441
Wed Jun 02 2021,3150.850098,3159.449951,3115,3129.449951,2933.629639,2240078
Thu Jun 03 2021,3154.550049,3154.550049,3122.649902,3141.25,2944.69165,1281706
Fri Jun 04 2021,3128,3156.850098,3125,3143.75,2947.0354,1836060
Mon Jun 07 2021,3145,3190.449951,3133.600098,3183.199951,2984.016357,2559821
Tue Jun 08 2021,3198,3231,3187.199951,3200.149902,2999.906006,2574057
Wed Jun 09 2021,3202,3220,3186.199951,3200.25,2999.999512,1710925
Thu Jun 10 2021,3210,3224,3193,3216.800049,3015.514648,1874324
Fri Jun 11 2021,3211.550049,3309,3211,3273.800049,3068.94751,3452954
Mon Jun 14 2021,3279,3308.699951,3270.350098,3276.350098,3071.338135,1847360
Tue Jun 15 2021,3298,3298,3251.550049,3262.75,3058.5896,1304985
Wed Jun 16 2021,3262.100098,3294.699951,3253,3274.350098,3069.463379,1635552
Thu Jun 17 2021,3265.5,3336.050049,3260,3317.75,3110.147949,2273413
Fri Jun 18 2021,3350.899902,3358,3275,3297.300049,3090.977295,3380431
Mon Jun 21 2021,3265,3286,3251.699951,3273.100098,3068.291748,1130569
Tue Jun 22 2021,3304,3327.050049,3285,3301.199951,3094.633057,1708688
Wed Jun 23 2021,3329,3329,3256.399902,3261.399902,3057.32373,1467104
Thu Jun 24 2021,3284,3383,3278.5,3373.600098,3162.50293,4155204
Fri Jun 25 2021,3375.25,3399.649902,3350,3380.800049,3169.252686,2722861
Mon Jun 28 2021,3391.5,3391.5,3333,3336.75,3127.95874,1355238
Tue Jun 29 2021,3342,3366.300049,3326.5,3340.850098,3131.80249,1497322
Wed Jun 30 2021,3346,3382,3338.5,3345.75,3136.395752,1693146
Thu Jul 01 2021,3358,3362,3332.350098,3341.5,3132.412109,990310
Fri Jul 02 2021,3331,3339.699951,3295.199951,3325.449951,3117.365234,1682274
Mon Jul 05 2021,3342,3374,3302,3321,3113.193848,1972858
Tue Jul 06 2021,3313,3328,3256.100098,3262.300049,3058.167236,2159420
Wed Jul 07 2021,3275,3282.699951,3241.600098,3274.949951,3070.025879,2640710
Thu Jul 08 2021,3298,3298,3231.899902,3258.5,3054.605469,2485811
Fri Jul 09 2021,3250,3282,3201,3208.149902,3007.405762,6365067
Mon Jul 12 2021,3235,3236,3188.350098,3193.100098,2993.297363,1892226
Tue Jul 13 2021,3214,3214,3175,3187.550049,2988.094727,1809339
Wed Jul 14 2021,3187,3222,3185,3214.550049,3013.405273,2044279
Thu Jul 15 2021,3227.600098,3231.850098,3194,3202.949951,3009.083984,2232968
Fri Jul 16 2021,3213,3219.850098,3192,3194.800049,3001.427002,1256526
Mon Jul 19 2021,3180,3199.800049,3176,3184.600098,2991.844727,1597058
Tue Jul 20 2021,3184.600098,3215,3156.149902,3205.800049,3011.760986,1811945
Thu Jul 22 2021,3190,3224.949951,3190,3216.350098,3021.672852,2859334
Fri Jul 23 2021,3230,3241.550049,3206.649902,3212.850098,3018.384277,1776193
Mon Jul 26 2021,3200,3224.25,3190.850098,3197.550049,3004.010742,1259611
Tue Jul 27 2021,3200,3210,3161.149902,3182.949951,2990.294189,1121367
Wed Jul 28 2021,3188,3204.449951,3132.399902,3197.800049,3004.245605,1660654
Thu Jul 29 2021,3200.25,3225.449951,3190.300049,3195.800049,3002.366699,1731997
Fri Jul 30 2021,3219,3223.5,3162.350098,3167.449951,2975.731689,2999943
Mon Aug 02 2021,3180,3224.899902,3167,3219.399902,3024.537598,2608669
Tue Aug 03 2021,3229,3290,3218.949951,3284.899902,3086.073486,3804735
Wed Aug 04 2021,3300,3305.199951,3261.199951,3273.949951,3075.785889,2929598
Thu Aug 05 2021,3275,3315,3262.5,3283.949951,3085.180664,2534521
Fri Aug 06 2021,3272.550049,3324,3265,3309.800049,3109.466797,2292362
Mon Aug 09 2021,3323.899902,3337,3310,3322.699951,3121.585449,1510489
Tue Aug 10 2021,3315.600098,3349.899902,3315.600098,3333.899902,3132.107178,2040777
Wed Aug 11 2021,3350,3360,3327.100098,3344.199951,3141.784424,1929707
Thu Aug 12 2021,3326,3368,3326,3351.75,3148.877686,1310205
Fri Aug 13 2021,3360.75,3480,3357.5,3463.399902,3253.769043,4363584
Mon Aug 16 2021,3460,3494.350098,3436.5,3472.949951,3262.741211,2083489
Tue Aug 17 2021,3482.100098,3560.800049,3463,3553.050049,3337.99292,4336019
Wed Aug 18 2021,3573.850098,3595,3536.600098,3560.550049,3345.039307,2631309
Fri Aug 20 2021,3506,3575,3500,3559.5,3344.052734,2836148
Mon Aug 23 2021,3580,3673,3561.899902,3637.399902,3417.237549,3744176
Tue Aug 24 2021,3657,3667.350098,3594.399902,3613.199951,3394.502197,2511141
Wed Aug 25 2021,3610,3697.75,3607.050049,3659,3437.530029,2123263
Thu Aug 26 2021,3660,3687.600098,3647.899902,3671.850098,3449.602295,1902533
Fri Aug 27 2021,3666,3729.5,3651.100098,3720.149902,3494.978516,3944728
Mon Aug 30 2021,3715,3740.350098,3687.600098,3701.300049,3477.270264,2033114
Tue Aug 31 2021,3709.399902,3804.100098,3703.449951,3786.449951,3557.265869,3207480
Wed Sep 01 2021,3796,3816.699951,3707,3714.949951,3490.093506,2643336
Thu Sep 02 2021,3734,3859.149902,3722,3836.75,3604.521484,3403717
Fri Sep 03 2021,3825,3856.899902,3804.550049,3842.050049,3609.500732,1746812
Mon Sep 06 2021,3849.699951,3877.600098,3814,3852,3618.848389,1723693
Tue Sep 07 2021,3864,3869.949951,3808.25,3815.899902,3584.933594,1585039
Wed Sep 08 2021,3810,3815,3756,3774.149902,3545.710205,4147175
Thu Sep 09 2021,3789.699951,3808.699951,3765,3791.399902,3561.91626,1441148
Mon Sep 13 2021,3767,3852.399902,3767,3845.350098,3612.60083,1691473
Tue Sep 14 2021,3849.949951,3896.5,3825,3885.899902,3650.696289,1991188
Wed Sep 15 2021,3882.100098,3980,3866,3954.550049,3715.191406,2461369
Thu Sep 16 2021,3930,3981.75,3892.100098,3903.300049,3667.043213,2946666
Fri Sep 17 2021,3920,3945,3805,3827.850098,3596.160645,6477148
Mon Sep 20 2021,3809,3871,3807.850098,3823.5,3592.073242,2002008
Tue Sep 21 2021,3858,3871.550049,3821.649902,3862.949951,3629.135254,1568129
Wed Sep 22 2021,3862.5,3896.850098,3852.449951,3862.149902,3628.384033,1744067
Thu Sep 23 2021,3870,3879,3835,3869.25,3635.054199,2003869
Fri Sep 24 2021,3890,3944.399902,3855,3871.300049,3636.97998,2320754
Mon Sep 27 2021,3900,3904,3802.899902,3836.949951,3604.708984,1673362
Tue Sep 28 2021,3850,3850,3751.25,3779.149902,3550.407959,2253075
Wed Sep 29 2021,3759.800049,3806,3722.149902,3791.899902,3562.385986,2489161
Thu Sep 30 2021,3805,3805,3750.100098,3775.550049,3547.025635,2252412
Fri Oct 01 2021,3781.75,3810,3725,3730.199951,3504.42041,1578374
Mon Oct 04 2021,3724.800049,3783.649902,3707.449951,3773.300049,3544.912109,1356860
Tue Oct 05 2021,3754,3840,3741.600098,3833.300049,3601.280273,1877966
Wed Oct 06 2021,3836,3857.449951,3795,3810.899902,3580.235596,1678154
Thu Oct 07 2021,3830,3899,3820.050049,3892.899902,3657.272217,1647233
Fri Oct 08 2021,3925,3989.899902,3900,3935.649902,3697.435059,2934339
Mon Oct 11 2021,3755,3757.5,3660,3685.600098,3462.520264,11845402
Tue Oct 12 2021,3706,3707,3630.600098,3652.850098,3431.752441,5752877
Wed Oct 13 2021,3650,3675.449951,3645,3655.199951,3433.960205,3545655
Thu Oct 14 2021,3625,3670,3608.199951,3611.449951,3399.368164,6442299
Mon Oct 18 2021,3603.449951,3652.699951,3601.449951,3647.149902,3432.971436,3590107
Tue Oct 19 2021,3669,3690.100098,3625.199951,3634.149902,3420.735352,3135441
Wed Oct 20 2021,3612,3630,3578.300049,3608.850098,3396.921143,2933693
Thu Oct 21 2021,3604.100098,3607.449951,3511.25,3532.5,3325.054688,4871211
Fri Oct 22 2021,3560,3561.600098,3485,3498.850098,3293.380615,2691670
Mon Oct 25 2021,3503,3514.550049,3450,3492.949951,3287.827148,2595594
Tue Oct 26 2021,3494.5,3529,3475,3482.600098,3278.084961,3878763
Wed Oct 27 2021,3483,3511.25,3483,3489.75,3284.815186,2510813
Thu Oct 28 2021,3518,3518,3415,3421.649902,3220.714111,2424942
Fri Oct 29 2021,3400.050049,3461,3385.949951,3397.75,3198.217773,3960501
Mon Nov 01 2021,3437.949951,3487,3412.949951,3476.399902,3272.249023,2020718
Tue Nov 02 2021,3494,3513.600098,3469.75,3484.199951,3279.59082,3087414
Wed Nov 03 2021,3504.199951,3519.899902,3466.050049,3492.25,3287.168457,1537639
Thu Nov 04 2021,3512.949951,3513.25,3505,3508.649902,3302.604736,328991
Mon Nov 08 2021,3548,3548,3481.199951,3502.75,3297.051514,2526082
Tue Nov 09 2021,3508,3535,3496,3505.699951,3299.828613,1782692
Wed Nov 10 2021,3498,3519.699951,3480.199951,3484.300049,3279.685303,1516489
Thu Nov 11 2021,3480,3510.050049,3436,3488.199951,3283.356201,1284514
Fri Nov 12 2021,3506,3534.149902,3485.699951,3526.050049,3318.983643,1747259
Mon Nov 15 2021,3528,3569.600098,3528,3553.300049,3344.633057,1809157
Tue Nov 16 2021,3569,3575.550049,3542,3556.399902,3347.551025,2013204
Wed Nov 17 2021,3550.600098,3562.850098,3506.399902,3521.899902,3315.077148,1632914
Thu Nov 18 2021,3515.149902,3520.850098,3451.600098,3475.699951,3271.590088,2136598
Mon Nov 22 2021,3478.399902,3515.949951,3440.300049,3458.399902,3255.306152,3167936
Tue Nov 23 2021,3445,3480.949951,3407.800049,3464.25,3260.812012,2153461
Wed Nov 24 2021,3472.199951,3493.050049,3424,3443.300049,3241.093018,2161746
Thu Nov 25 2021,3443.899902,3463,3434.050049,3445.899902,3243.540039,1849619
Fri Nov 26 2021,3425,3490,3411.899902,3446.850098,3244.43457,1941251
Mon Nov 29 2021,3447.149902,3529.350098,3406.449951,3502,3296.345947,2981745
Tue Nov 30 2021,3491,3563.75,3491,3529.149902,3321.901367,5588446
Wed Dec 01 2021,3535,3590,3535,3577.800049,3367.69458,2102118
Thu Dec 02 2021,3589.199951,3648,3574.100098,3642.899902,3428.970947,3152938
Fri Dec 03 2021,3646.449951,3665.949951,3630.850098,3640.449951,3426.665283,2486263
Mon Dec 06 2021,3640.449951,3658,3522,3536.399902,3328.725586,1849642
Tue Dec 07 2021,3562.5,3598,3524.300049,3584.5,3374.000977,1484458
Wed Dec 08 2021,3601,3646.449951,3601,3626.899902,3413.910889,1428660
Thu Dec 09 2021,3610,3634.75,3566,3601.75,3390.238281,1567957
Fri Dec 10 2021,3585,3642,3575.100098,3636.800049,3423.229736,1510718
Mon Dec 13 2021,3650,3662,3601.699951,3609.649902,3397.674072,1883864
Tue Dec 14 2021,3605,3635,3576.699951,3623.800049,3410.993164,1747007
Wed Dec 15 2021,3620,3623,3558.149902,3570.350098,3360.682373,1603233
Thu Dec 16 2021,3582,3608.449951,3570,3581.600098,3371.27124,2072320
Fri Dec 17 2021,3602.5,3651.350098,3573.699951,3584.350098,3373.859863,4333992
Mon Dec 20 2021,3589,3606,3510.149902,3556.899902,3348.021729,2312310
Tue Dec 21 2021,3582.649902,3641.199951,3566.399902,3608.300049,3396.40332,2340989
Wed Dec 22 2021,3624,3636.800049,3606.25,3630.75,3417.5354,1224328
Thu Dec 23 2021,3648,3670.5,3630,3662.699951,3447.608154,1792861
Fri Dec 24 2021,3685,3705,3644.800049,3670.899902,3455.326904,2209923
Mon Dec 27 2021,3671,3700,3653.100098,3696.100098,3479.047119,1534135
Tue Dec 28 2021,3710,3725,3693.850098,3706.550049,3488.883545,1456218
Wed Dec 29 2021,3692.25,3719.949951,3685,3694.699951,3477.729248,1456923
Thu Dec 30 2021,3681.350098,3740,3680,3733.75,3514.486328,1966475
Fri Dec 31 2021,3742.800049,3760,3731.300049,3738.350098,3518.816162,1207141
Mon Jan 03 2022,3750,3830,3745,3817.75,3593.553223,2346158
Tue Jan 04 2022,3831.100098,3889.149902,3811.699951,3884.75,3656.619141,2488606
Wed Jan 05 2022,3865,3870,3812.399902,3860.949951,3634.216553,1733031
Thu Jan 06 2022,3812,3835,3772,3807.449951,3583.858398,1810293
Fri Jan 07 2022,3820,3864.899902,3796.399902,3853.5,3627.203857,2460591
Mon Jan 10 2022,3978,3978,3861,3879.850098,3652.00708,3937092
Tue Jan 11 2022,3856,3925,3856,3915.899902,3685.939209,1906106
Wed Jan 12 2022,3925,3929,3836.550049,3859.899902,3633.227783,3203744
Thu Jan 13 2022,3918,3923,3857,3897.899902,3668.996582,6684507
Fri Jan 14 2022,3877.850098,3977,3860.050049,3968.149902,3735.121338,3348123
Mon Jan 17 2022,3992.699951,4043,3962.300049,4019.149902,3783.126465,3442604
Tue Jan 18 2022,4033.949951,4041.699951,3980,3990.600098,3756.252441,2389041
Wed Jan 19 2022,4012,4012,3910.5,3914.649902,3691.237793,3102539
Thu Jan 20 2022,3910,3920,3811,3826.550049,3608.165527,6176776
Fri Jan 21 2022,3807,3851.550049,3771.100098,3833.5,3614.719238,3112358
Mon Jan 24 2022,3840,3849.649902,3740.100098,3771.350098,3556.115967,3258414
Tue Jan 25 2022,3769.5,3809.399902,3722.199951,3769.899902,3554.748779,3330501
Thu Jan 27 2022,3731,3733.399902,3625.100098,3649.25,3440.984375,5718297
Fri Jan 28 2022,3646,3729.800049,3646,3690.050049,3479.455811,3143862
Mon Jan 31 2022,3749,3758,3721.399902,3736.25,3523.019287,2739393
Tue Feb 01 2022,3770,3808,3736.399902,3800.649902,3583.743652,2105169
Wed Feb 02 2022,3827.899902,3864,3800.649902,3856.199951,3636.123779,1984212
Thu Feb 03 2022,3851,3882.5,3816.050049,3824.600098,3606.327393,1960538
Fri Feb 04 2022,3815.300049,3824.699951,3769,3814.899902,3597.180908,2307366
Mon Feb 07 2022,3791,3831.800049,3756.149902,3779,3563.32959,1919149
Tue Feb 08 2022,3791.550049,3799.699951,3721,3743.449951,3529.808594,2946443
Wed Feb 09 2022,3750,3777.949951,3746.100098,3760.550049,3545.932373,1638721
Thu Feb 10 2022,3789.800049,3789.800049,3758,3770.350098,3555.173096,2112459
Fri Feb 11 2022,3752.5,3752.5,3690,3694.949951,3484.076416,3851488
Mon Feb 14 2022,3724,3793.25,3710,3733.75,3520.662109,5951745
Tue Feb 15 2022,3786,3835,3748,3817.800049,3599.915039,3931683
Wed Feb 16 2022,3844,3854.100098,3806,3813.100098,3595.483398,3256906
Thu Feb 17 2022,3825,3835,3779,3784.199951,3568.232422,3134372
Fri Feb 18 2022,3769,3815.949951,3757.600098,3793.899902,3577.37915,3688883
Mon Feb 21 2022,3810,3827.800049,3705.550049,3719.399902,3507.130859,7465922
Tue Feb 22 2022,3650,3667.899902,3570,3586.399902,3381.720947,5408531
Wed Feb 23 2022,3611,3622.899902,3555.649902,3563.800049,3360.411377,2426203
Thu Feb 24 2022,3474,3483.850098,3391.100098,3401.649902,3207.515137,5039136
Fri Feb 25 2022,3468,3530,3462,3520.75,3319.818115,2549723
Mon Feb 28 2022,3490,3563.75,3455.899902,3554.199951,3351.358887,3288942
Wed Mar 02 2022,3552.5,3571.949951,3506,3546.149902,3343.768555,2761341
Thu Mar 03 2022,3562.850098,3578.600098,3530.100098,3544.399902,3342.118164,1928039
Fri Mar 04 2022,3501.5,3561.199951,3487.050049,3524.350098,3323.212402,2370257
Mon Mar 07 2022,3450,3548,3431.550049,3484.899902,3286.013672,3054130
Tue Mar 08 2022,3460,3609,3460,3599.949951,3394.498047,3300992
Wed Mar 09 2022,3605,3654,3597.050049,3632.600098,3425.284668,2719654
Thu Mar 10 2022,3684,3684,3615,3620.949951,3414.299561,2005441
Fri Mar 11 2022,3603.25,3639.850098,3592.850098,3599.149902,3393.743408,1623423
Mon Mar 14 2022,3580,3648.350098,3580,3643,3435.091309,1765688
Tue Mar 15 2022,3659,3659,3585.399902,3593.899902,3388.793701,3651133
Wed Mar 16 2022,3640.5,3668,3616.25,3655.899902,3447.254883,3090475
Thu Mar 17 2022,3696.600098,3710,3660.300049,3672.75,3463.143066,3600452
Mon Mar 21 2022,3696,3713.949951,3615,3626.699951,3419.721436,2413831
Tue Mar 22 2022,3640,3711,3625,3700.949951,3489.733887,2907611
Wed Mar 23 2022,3708,3729.800049,3690,3712.399902,3500.530273,1596195
Thu Mar 24 2022,3700,3758.199951,3695,3749.850098,3535.843018,1879046
Fri Mar 25 2022,3759.899902,3779.5,3672,3707.449951,3495.863037,1690133
Mon Mar 28 2022,3695,3713,3661.199951,3707.699951,3496.098633,1760990
Tue Mar 29 2022,3694.75,3722,3691,3705.350098,3493.882813,2689063
Wed Mar 30 2022,3738,3738,3706.199951,3731.550049,3518.587646,1583455
Thu Mar 31 2022,3740,3754.649902,3720.199951,3739.949951,3526.508057,2168110
Fri Apr 01 2022,3748,3763,3728.050049,3758.75,3544.235352,1387014
Mon Apr 04 2022,3762,3780,3737.100098,3770.350098,3555.173096,1472994
Tue Apr 05 2022,3772,3835.600098,3772,3814.800049,3597.086426,2314947
Wed Apr 06 2022,3809.300049,3809.300049,3731.149902,3755.350098,3541.029297,2051729
Thu Apr 07 2022,3745.5,3745.5,3679,3684.149902,3473.892822,2494829
Fri Apr 08 2022,3690,3705,3642.5,3685.649902,3475.307129,2296773
Mon Apr 11 2022,3690,3712.350098,3656.100098,3696.399902,3485.443359,2291660
Tue Apr 12 2022,3683,3739,3648.350098,3691.100098,3480.445801,4483476
Wed Apr 13 2022,3707,3709.850098,3655.550049,3661.949951,3452.959473,1621672
Mon Apr 18 2022,3610,3610,3522.5,3528.050049,3326.701416,3820792
Tue Apr 19 2022,3550,3563.550049,3439.149902,3471.899902,3273.755615,3170014
Wed Apr 20 2022,3500,3569.149902,3480,3556.800049,3353.810547,2640370
Thu Apr 21 2022,3580,3644,3567.399902,3628.649902,3421.55957,2280996
Fri Apr 22 2022,3581.100098,3617,3571.5,3612.550049,3406.37915,1581465
Mon Apr 25 2022,3558,3584,3533.100098,3548.199951,3345.701172,1960694
Tue Apr 26 2022,3575.149902,3587.899902,3518.149902,3546.300049,3343.910156,1943469
Wed Apr 27 2022,3546,3568.449951,3506.300049,3561.199951,3357.959473,1727648
Thu Apr 28 2022,3588,3604.399902,3538.050049,3584.300049,3379.741211,1703660
Fri Apr 29 2022,3597,3623.25,3536.850098,3546.699951,3344.287354,2051115
Mon May 02 2022,3519.899902,3547.949951,3492.75,3542.399902,3340.232178,1324161
Wed May 04 2022,3538.5,3545.449951,3465.300049,3479.75,3281.157959,2305825
Thu May 05 2022,3512.100098,3533,3485.350098,3513.399902,3312.887451,1612262
Fri May 06 2022,3459,3474.5,3424.5,3432.600098,3236.698975,2010812
Mon May 09 2022,3398,3456,3346.850098,3445.100098,3248.485596,2481830
Tue May 10 2022,3434,3464.800049,3422,3438.75,3242.497559,1622685
Wed May 11 2022,3435,3448.449951,3382.149902,3412,3217.274658,1841769
Thu May 12 2022,3378,3449.699951,3350.100098,3408.649902,3214.115723,2807195
Fri May 13 2022,3435,3439.899902,3382.149902,3414.899902,3220.009033,2187823
Mon May 16 2022,3415,3430,3366.600098,3376.800049,3184.083496,1195813
Tue May 17 2022,3370,3467,3350.399902,3451.600098,3254.614502,1754076
Wed May 18 2022,3465,3495,3443.050049,3448.800049,3251.974365,1866781
Thu May 19 2022,3397,3405,3230,3261.949951,3075.787598,4642963
Fri May 20 2022,3310,3313.899902,3270.050049,3293,3105.065674,3065125
Mon May 23 2022,3304.800049,3338.899902,3267,3321.75,3132.175049,2293690
Tue May 24 2022,3315.149902,3324.850098,3275.600098,3288,3100.35083,1711510
Wed May 25 2022,3292.850098,3292.850098,3154.050049,3167.649902,3006.989502,3548046
Thu May 26 2022,3191,3241.5,3180.550049,3226.949951,3063.281738,2813186
Fri May 27 2022,3253.199951,3278.899902,3229.199951,3261.300049,3095.889648,3103153
Mon May 30 2022,3297,3386.600098,3286.350098,3375.25,3204.059814,2094624
Tue May 31 2022,3354.149902,3383.399902,3325,3364.350098,3193.712891,4840965
Wed Jun 01 2022,3388,3388,3340.050049,3355.199951,3185.026855,1493835
Thu Jun 02 2022,3355,3432,3346.300049,3423,3249.388184,2657939
Fri Jun 03 2022,3459.399902,3477.300049,3431.199951,3440.149902,3265.668213,1913622
Mon Jun 06 2022,3418,3453,3377.149902,3430.949951,3256.935059,1084210
Tue Jun 07 2022,3401.050049,3418.850098,3356,3362.699951,3192.146973,2308256
Wed Jun 08 2022,3380.149902,3413.949951,3346.5,3404.149902,3231.494141,2185707
Thu Jun 09 2022,3385,3437,3353.100098,3427.100098,3253.280273,1279197
Fri Jun 10 2022,3382,3393,3352,3359.899902,3189.488281,1527582
Mon Jun 13 2022,3290,3293,3192.449951,3219.600098,3056.304443,3030921
Tue Jun 14 2022,3190,3238.899902,3174.699951,3210.550049,3047.713379,2611493
Wed Jun 15 2022,3218.5,3234,3201,3206.300049,3043.679199,1404536
Thu Jun 16 2022,3240,3244.850098,3133.050049,3142,2982.640625,2032028
Fri Jun 17 2022,3092,3118.75,3023.850098,3088.899902,2932.233643,5240434
Mon Jun 20 2022,3094,3138.75,3069,3112.399902,2954.541504,1502769
Tue Jun 21 2022,3130,3237.75,3125.399902,3211.949951,3049.042236,2964461
Wed Jun 22 2022,3199.899902,3250.550049,3183,3222.949951,3059.484619,3336315
Thu Jun 23 2022,3222.949951,3318,3222.949951,3308.800049,3140.980713,3692578
Fri Jun 24 2022,3339,3345,3277.5,3293.100098,3126.07666,2132118
Mon Jun 27 2022,3350,3362.899902,3306.5,3314.699951,3146.580811,2037686
Tue Jun 28 2022,3307,3330,3272.600098,3318.149902,3149.856689,1400046
Wed Jun 29 2022,3271,3333,3271,3290.5,3123.608398,2133994
Thu Jun 30 2022,3272,3310.899902,3255,3267.100098,3101.395264,2719603
Fri Jul 01 2022,3260,3333,3252.050049,3315.100098,3146.960693,1502879
Mon Jul 04 2022,3312,3317.949951,3225.050049,3235.050049,3070.970947,2622535
Tue Jul 05 2022,3255,3272,3206.949951,3216.300049,3053.171631,2170627
Wed Jul 06 2022,3218.5,3268.5,3202.25,3260.75,3095.367432,2182144
Thu Jul 07 2022,3271,3319.399902,3265.050049,3287.850098,3121.093262,1989921
Fri Jul 08 2022,3300,3305,3250,3265.449951,3099.829102,2136916
Mon Jul 11 2022,3206.149902,3225,3106,3113.800049,2955.87085,6974600
Tue Jul 12 2022,3114.899902,3136.199951,3080.25,3084.699951,2928.246338,3734815
Wed Jul 13 2022,3104,3110,3035,3038.75,2884.626953,3863530
Thu Jul 14 2022,3056,3057,2967,2998.75,2854.170166,4764908
Fri Jul 15 2022,3018.550049,3028.899902,2953,2994.600098,2850.220215,4574806
Mon Jul 18 2022,3023,3076.949951,3014.300049,3063.5,2915.79834,3202795
Tue Jul 19 2022,3030.050049,3078.949951,3030.050049,3074.25,2926.029785,1865074
Wed Jul 20 2022,3107.800049,3171.949951,3098.050049,3164.800049,3012.2146,3402251
Thu Jul 21 2022,3167,3184,3144.050049,3177.300049,3024.111816,2420640
Fri Jul 22 2022,3185,3197,3143.5,3171,3018.115234,2075886
Mon Jul 25 2022,3165,3186.449951,3149.100098,3166.75,3014.070068,1797504
Tue Jul 26 2022,3164.699951,3168.899902,3096.5,3115.899902,2965.671631,2639367
Wed Jul 27 2022,3115,3194.100098,3110,3188.850098,3035.104492,1389808
Thu Jul 28 2022,3216,3264,3201.649902,3260.5,3103.299805,2106333
Fri Jul 29 2022,3290,3317.300049,3275,3301.899902,3142.703857,2430257
Mon Aug 01 2022,3327,3327,3271,3298.800049,3139.753662,1306913
Tue Aug 02 2022,3290,3312.899902,3271.649902,3291.800049,3133.09082,1269114
Wed Aug 03 2022,3280,3349,3277.050049,3339.5,3178.491211,2895824
Thu Aug 04 2022,3350,3387.899902,3307.350098,3354.949951,3193.196533,2150567
Fri Aug 05 2022,3361.199951,3377,3355,3365.050049,3202.809326,1106933
Mon Aug 08 2022,3365,3378.899902,3336,3374.449951,3211.756104,1068836
Wed Aug 10 2022,3385,3385,3335,3354.25,3192.530029,1878359
Thu Aug 11 2022,3400,3428.699951,3375.050049,3422.5,3257.489502,1449248
Fri Aug 12 2022,3419,3419,3381.25,3401.550049,3237.549561,1472354
Tue Aug 16 2022,3411,3414.850098,3387.5,3392.699951,3229.126221,839942
Wed Aug 17 2022,3385.100098,3417.949951,3371.100098,3401.100098,3237.121338,1622326
Thu Aug 18 2022,3390,3392,3362,3381.25,3218.228516,1430659
Fri Aug 19 2022,3387,3421.5,3371.25,3385.75,3222.51123,1398410
Mon Aug 22 2022,3365,3384.100098,3347.399902,3354.550049,3192.81543,1536532
Tue Aug 23 2022,3319.949951,3341.899902,3270,3284.600098,3126.238525,1849256
Wed Aug 24 2022,3292,3308,3250.199951,3255.350098,3098.398438,1691923
Thu Aug 25 2022,3276,3278.149902,3214.75,3218.199951,3063.039551,1946930
Fri Aug 26 2022,3234.300049,3257,3216.800049,3222.199951,3066.846924,1457962
Mon Aug 29 2022,3125,3142.699951,3081,3132.550049,2981.519043,2539173
Tue Aug 30 2022,3155,3226.5,3142.100098,3211.149902,3056.329346,3431525
Thu Sep 01 2022,3190,3190,3121,3131.699951,2980.709961,3546935
Fri Sep 02 2022,3163,3163,3120.300049,3130.399902,2979.472656,2052900
Mon Sep 05 2022,3123.649902,3147.949951,3112.25,3133.399902,2982.328125,2147912
Tue Sep 06 2022,3135.5,3140.850098,3106.350098,3127.050049,2976.284424,1936453
Wed Sep 07 2022,3102,3161.899902,3102,3149.600098,2997.746826,1291534
Thu Sep 08 2022,3170,3183.5,3160.100098,3169.649902,3016.830078,1346113
Fri Sep 09 2022,3195,3233.5,3168.5,3217.649902,3062.515869,1561185
Mon Sep 12 2022,3239.899902,3269.800049,3225,3242.949951,3086.596191,1785928
Tue Sep 13 2022,3263.449951,3263.449951,3225,3229.350098,3073.651611,1972678
Wed Sep 14 2022,3135,3141.399902,3113.800049,3120.399902,2969.95459,5090269
Thu Sep 15 2022,3130,3137.75,3100,3104.350098,2954.678711,2138023
Fri Sep 16 2022,3076,3094.350098,3000,3008.699951,2863.640381,5322221
Mon Sep 19 2022,3036,3042,2987.800049,3028.800049,2882.770996,2072220
Tue Sep 20 2022,3050,3079.949951,3030,3040.300049,2893.716797,1544295
Wed Sep 21 2022,3028,3041.399902,2998.149902,3001.199951,2856.501465,2253818
Thu Sep 22 2022,2990,3029.949951,2979.300049,3007.399902,2862.403076,2017983
Fri Sep 23 2022,3004,3022.5,2979,2982.050049,2838.275391,2652374
Mon Sep 26 2022,2959.850098,3025.850098,2926.100098,2994.399902,2850.029785,2925489
Tue Sep 27 2022,3009.399902,3025,2976,3017.449951,2871.968018,2227447
Wed Sep 28 2022,2980,3049.949951,2980,3035.649902,2889.291016,2739767
Thu Sep 29 2022,3054,3055.850098,2990,2997.300049,2852.789551,2493902
Fri Sep 30 2022,2990.850098,3019.699951,2950.100098,3004.550049,2859.69043,2817353
Mon Oct 03 2022,2995,3020.699951,2974,2984.949951,2841.0354,1763331
Tue Oct 04 2022,3029.949951,3098,3023,3091.149902,2942.11499,2145875
Thu Oct 06 2022,3111,3124,3092.449951,3101.949951,2952.394287,1790816
Fri Oct 07 2022,3097.399902,3105,3058.100098,3064.899902,2917.130615,1939879
Mon Oct 10 2022,3010,3127,3005,3118.550049,2968.194092,3064063
Tue Oct 11 2022,3100,3145,3053.350098,3069.550049,2921.556641,4730645
Wed Oct 12 2022,3084.899902,3109.899902,3062.050049,3100.75,2951.252197,1665247
Thu Oct 13 2022,3100.75,3110,3052.350098,3103.300049,2953.679199,2054781
Fri Oct 14 2022,3145,3150,3071,3099.149902,2949.729492,2245977
Mon Oct 17 2022,3072.649902,3128.399902,3071.449951,3111.75,2969.386963,1517005
Tue Oct 18 2022,3150,3155.350098,3128.550049,3144.699951,3000.829102,1793722
Wed Oct 19 2022,3159,3159,3112,3121.850098,2979.025146,1194289
Thu Oct 20 2022,3105,3160,3105,3157.300049,3012.853027,1587601
Fri Oct 21 2022,3157.800049,3160.399902,3127,3137.399902,2993.863037,1021913
Mon Oct 24 2022,3170.100098,3178,3155,3161.699951,3017.051514,260949
Tue Oct 25 2022,3180.5,3184.25,3151.149902,3162.100098,3017.43335,2069643
Thu Oct 27 2022,3160.699951,3174,3134.350098,3157.399902,3012.948486,2438421
Fri Oct 28 2022,3150,3178.5,3145,3163.25,3018.530518,1355739
Mon Oct 31 2022,3199,3199,3177.800049,3193.149902,3047.0625,1919414
Tue Nov 01 2022,3214.5,3262.600098,3203.449951,3259.699951,3110.568115,2991060
Wed Nov 02 2022,3270,3270,3222.050049,3241.699951,3093.391602,1405955
Thu Nov 03 2022,3228.050049,3228.050049,3195,3206.75,3060.040283,1422652
Fri Nov 04 2022,3217,3220.050049,3166.149902,3217.399902,3070.203369,1464013
Mon Nov 07 2022,3229,3242.800049,3195.100098,3233.699951,3085.757324,1474498
Wed Nov 09 2022,3249.800049,3249.800049,3201.649902,3216.050049,3068.915283,1162267
Thu Nov 10 2022,3170,3225,3170,3205.649902,3058.990723,1573092
Fri Nov 11 2022,3269.600098,3341.600098,3255.050049,3315.949951,3164.244385,3265394
Mon Nov 14 2022,3324,3349,3309,3335.5,3182.900391,1342074
Tue Nov 15 2022,3321,3339.949951,3292,3332.600098,3180.133057,1400708
Wed Nov 16 2022,3338.899902,3367.899902,3321.449951,3355.350098,3201.842285,1748235
Thu Nov 17 2022,3340,3360,3317.75,3349,3195.782959,1417986
Fri Nov 18 2022,3350,3362.75,3321,3343.449951,3190.486572,1164540
Mon Nov 21 2022,3322.5,3333.699951,3273,3283.5,3133.279297,1304194
Tue Nov 22 2022,3280,3318.949951,3255.25,3314.949951,3163.290283,1149739
Wed Nov 23 2022,3330,3330,3291,3308.300049,3156.94458,1150011
Thu Nov 24 2022,3316.25,3392.949951,3308.300049,3380.149902,3225.507568,1296591
Fri Nov 25 2022,3383,3403.350098,3348,3389.649902,3234.572998,1588981
Mon Nov 28 2022,3366,3417,3365.550049,3395.25,3239.916748,2195437
Tue Nov 29 2022,3383,3429,3383,3397.350098,3241.920654,1576028
Wed Nov 30 2022,3383,3414.899902,3375,3390.800049,3235.670654,3410702
Thu Dec 01 2022,3425,3480,3420,3475.649902,3316.638184,2180856
Fri Dec 02 2022,3458.100098,3468.899902,3413,3439.149902,3281.80835,2411749
Mon Dec 05 2022,3433,3439.149902,3407,3425.899902,3269.164551,1475065
Tue Dec 06 2022,3400.050049,3407.949951,3368,3385.350098,3230.469727,1166999
Wed Dec 07 2022,3368.300049,3393.699951,3354,3380.600098,3225.936768,1167505
Thu Dec 08 2022,3360,3380.600098,3339.449951,3350.550049,3197.261719,1285619
Fri Dec 09 2022,3374.100098,3374.100098,3276.350098,3292.75,3142.106201,1797896
Mon Dec 12 2022,3255.5,3296,3236.100098,3286.449951,3136.094238,1527610
Tue Dec 13 2022,3277.199951,3336.449951,3267.800049,3332.100098,3179.655762,1378016
Wed Dec 14 2022,3348.800049,3377,3340.899902,3365.350098,3211.38501,1213311
Thu Dec 15 2022,3358.800049,3364.75,3298.949951,3305.100098,3153.891357,1415694
Fri Dec 16 2022,3275,3292,3225.199951,3240.25,3092.007813,2703680
Mon Dec 19 2022,3227,3245.5,3194.5,3202.050049,3055.555908,2120965
Tue Dec 20 2022,3198.899902,3249,3163.649902,3243.949951,3095.538574,1529971
Wed Dec 21 2022,3249,3283.050049,3240,3268.550049,3119.013184,1432566
Thu Dec 22 2022,3294,3294,3245.100098,3259.699951,3110.568115,1384101
Fri Dec 23 2022,3217,3266.850098,3217,3228.350098,3080.652344,1360281
Mon Dec 26 2022,3228.350098,3272,3225.050049,3252.899902,3104.079102,870157
Tue Dec 27 2022,3269.199951,3273.800049,3231.5,3259.5,3110.377441,835883
Wed Dec 28 2022,3249.800049,3266.100098,3226,3257.100098,3108.087402,910795
Thu Dec 29 2022,3231.100098,3271.5,3228,3268.75,3119.204102,1037927
Fri Dec 30 2022,3286.050049,3299,3246.199951,3256.699951,3107.705322,1163131
Mon Jan 02 2023,3261,3266.850098,3235.199951,3261.449951,3112.238037,709547
Tue Jan 03 2023,3252,3320,3245.300049,3311.350098,3159.855469,1245178
Wed Jan 04 2023,3306.699951,3327.350098,3286.199951,3314.649902,3163.00415,1231668
Thu Jan 05 2023,3330.199951,3337.300049,3281.949951,3311.100098,3159.616943,1826057
Fri Jan 06 2023,3300,3301.550049,3200,3211.550049,3064.621338,2488376
Mon Jan 09 2023,3229,3327,3221.149902,3319.949951,3168.061523,2885060
Tue Jan 10 2023,3285,3298,3230.100098,3286.399902,3136.046387,3864655
Wed Jan 11 2023,3290.100098,3349.5,3271.149902,3328.699951,3176.411377,2720512
Thu Jan 12 2023,3329,3350,3315.550049,3334.350098,3181.802979,2250391
Fri Jan 13 2023,3342.899902,3379,3305,3374.550049,3220.163574,1742837
Mon Jan 16 2023,3317,3353,3298.050049,3334.050049,3245.963379,1843607
Tue Jan 17 2023,3330,3381.800049,3321,3378.399902,3289.141846,1688475
Wed Jan 18 2023,3380,3408.949951,3372.25,3390,3300.435303,2421189
Thu Jan 19 2023,3380,3387,3361,3373.100098,3283.982178,1585044
Fri Jan 20 2023,3365,3394.649902,3355.600098,3363.100098,3274.246094,1529349
Mon Jan 23 2023,3388,3419,3355.600098,3414.899902,3324.67749,1067916
Tue Jan 24 2023,3425,3451.949951,3417.300049,3436.300049,3345.512207,1387863
Wed Jan 25 2023,3425.300049,3435,3405,3429.75,3339.135254,874110
Fri Jan 27 2023,3426,3446,3382.300049,3411.050049,3320.929199,1785879
Mon Jan 30 2023,3420,3458.449951,3385.550049,3433.649902,3342.931885,1953798
Tue Jan 31 2023,3449,3449,3351,3358.699951,3269.962158,2820375
Wed Feb 01 2023,3363,3419,3355,3408.350098,3318.300537,2205161
Thu Feb 02 2023,3427,3469,3420.100098,3460.399902,3368.975342,1813847
Fri Feb 03 2023,3504,3504,3452.899902,3482.300049,3390.296631,1804469
Mon Feb 06 2023,3473.149902,3473.149902,3436.850098,3459.949951,3368.537109,1138714
Tue Feb 07 2023,3468.899902,3493,3461.399902,3472.550049,3380.804932,1455647
Wed Feb 08 2023,3478.050049,3539.899902,3478.050049,3520.100098,3427.098389,1986946
Thu Feb 09 2023,3515,3547.600098,3505.300049,3540.850098,3447.300049,1655427
Fri Feb 10 2023,3520,3542.350098,3508.149902,3537.550049,3444.087158,1187821
Mon Feb 13 2023,3549,3549,3473.399902,3482.399902,3390.393799,1087939
Tue Feb 14 2023,3505,3524.850098,3495,3500.100098,3407.626465,1579818
Wed Feb 15 2023,3487,3526,3460.149902,3520.649902,3427.633545,1429449
Thu Feb 16 2023,3527.199951,3575,3527,3558.050049,3464.045654,1618931
Fri Feb 17 2023,3526.149902,3538.899902,3490,3501.149902,3408.648682,1061369
Mon Feb 20 2023,3502,3522,3475.050049,3487.300049,3395.165039,1296082
Tue Feb 21 2023,3494,3508.899902,3444.75,3451,3359.82373,1139541
Wed Feb 22 2023,3414.949951,3447,3395,3401.550049,3311.680176,1218430
Thu Feb 23 2023,3421,3452.399902,3408,3413.800049,3323.606689,1441570
Fri Feb 24 2023,3422.5,3433.949951,3382.300049,3400.449951,3310.609375,977592
Mon Feb 27 2023,3390,3390,3316,3331.850098,3243.822021,1128022
Tue Feb 28 2023,3328.5,3392,3299.899902,3312.850098,3225.323975,4116217
Wed Mar 01 2023,3323,3389,3315,3385.699951,3296.249023,1669307
Thu Mar 02 2023,3361,3369.899902,3318,3321.449951,3233.696533,1556538
Fri Mar 03 2023,3354,3358,3331.100098,3342.149902,3253.849365,1043190
Mon Mar 06 2023,3361.899902,3404.949951,3359,3371.850098,3282.765137,1334132
Wed Mar 08 2023,3364,3396,3330.850098,3390.399902,3300.824951,1844590
Thu Mar 09 2023,3385,3385,3330.850098,3336.850098,3248.689697,1648500
Fri Mar 10 2023,3312.899902,3337.25,3290,3331,3242.994385,1024404
Mon Mar 13 2023,3333,3369.800049,3272,3281.949951,3195.23999,1901233
Tue Mar 14 2023,3280,3304.399902,3209.399902,3214.949951,3130.010254,2670334
Wed Mar 15 2023,3250,3260.350098,3192,3198.899902,3114.384033,1780522
Thu Mar 16 2023,3208,3219.800049,3172,3185,3100.851318,1901060
Fri Mar 17 2023,3150.5,3221.399902,3144,3179.300049,3095.301758,6739966
Mon Mar 20 2023,3169.649902,3169.649902,3095.050049,3143.300049,3060.253418,2289468
Tue Mar 21 2023,3143.300049,3156.75,3097.449951,3106.100098,3024.036133,1815297
Wed Mar 22 2023,3130.050049,3143.5,3106.100098,3130.800049,3048.083252,1123939
Thu Mar 23 2023,3114.899902,3146.350098,3101,3124.649902,3042.095947,1372218
Fri Mar 24 2023,3148.899902,3170,3106,3120.5,3038.05542,1329577
Mon Mar 27 2023,3135,3152.75,3106,3122.300049,3039.807861,1524217
Tue Mar 28 2023,3127,3149.550049,3110.149902,3115.899902,3033.576904,1303530
Wed Mar 29 2023,3129,3150,3104.100098,3138.899902,3055.969482,1740616
Fri Mar 31 2023,3189.949951,3213,3152,3205.899902,3121.199219,2382581
Mon Apr 03 2023,3224.949951,3224.949951,3173.75,3200,3115.455322,1521830
Wed Apr 05 2023,3185.5,3264.350098,3185.5,3239.800049,3154.203857,2655065
Thu Apr 06 2023,3225,3257.350098,3215,3220.699951,3135.60791,1703464
Mon Apr 10 2023,3220,3272,3215,3263.399902,3177.179932,2203187
Tue Apr 11 2023,3264,3272.949951,3192.149902,3213.800049,3128.890381,2348779
Wed Apr 12 2023,3227.949951,3260.949951,3199,3241.649902,3156.004639,2417727
Thu Apr 13 2023,3210,3230,3180,3188.850098,3104.599854,4174070
Mon Apr 17 2023,3134.100098,3163.399902,3070.25,3139.5,3056.553711,5505048
Tue Apr 18 2023,3154.949951,3156.850098,3110.600098,3130.75,3048.035156,2617302
Wed Apr 19 2023,3130.75,3140,3071.5,3089.600098,3007.972168,3298034
Thu Apr 20 2023,3090,3113,3078,3104.800049,3022.770508,2419999
Fri Apr 21 2023,3110,3164.449951,3100.800049,3160.850098,3077.339844,1929184
Mon Apr 24 2023,3151.100098,3180.949951,3126.149902,3174.800049,3090.921143,1640676
Tue Apr 25 2023,3183,3191.199951,3147.5,3176,3092.089111,2024090
Wed Apr 26 2023,3181,3208.399902,3181,3198.149902,3113.653809,2000029
Thu Apr 27 2023,3185,3199.199951,3170.649902,3187.949951,3103.723389,2434446
Fri Apr 28 2023,3200.399902,3227.25,3196.25,3219.25,3134.196777,2931312
Tue May 02 2023,3235,3235,3210,3219.399902,3134.342529,2321159
Wed May 03 2023,3216,3216,3173.149902,3179.899902,3095.88623,2468285
Thu May 04 2023,3180.149902,3224.449951,3178,3220.699951,3135.60791,1953253
Fri May 05 2023,3220,3244,3210.050049,3230.699951,3145.344238,1710027
Mon May 08 2023,3245,3254.850098,3231.300049,3250.600098,3164.71875,928235
Tue May 09 2023,3252.600098,3298,3246,3283.25,3196.505615,1107375
Wed May 10 2023,3290,3306.5,3266.050049,3286.800049,3199.962158,1559987
Thu May 11 2023,3309,3309.699951,3272,3282.149902,3195.43457,1719623
Fri May 12 2023,3279.149902,3290,3260,3274.300049,3187.792236,1027479
Mon May 15 2023,3284,3292,3248.350098,3255.050049,3169.051025,1150390
Tue May 16 2023,3256.199951,3285,3250.449951,3258.149902,3172.068848,986306
Wed May 17 2023,3255.949951,3280,3198.25,3208.699951,3123.925293,1588815
Thu May 18 2023,3225.949951,3228.949951,3195,3199.850098,3115.309082,1369364
Fri May 19 2023,3210,3234.5,3203.050049,3222.850098,3137.70166,1152449
Mon May 22 2023,3230,3308.449951,3217.050049,3298.699951,3211.547852,1333243
Tue May 23 2023,3306,3327.949951,3290.100098,3297.050049,3209.941406,1687418
Wed May 24 2023,3276,3317.199951,3276,3303.350098,3216.074707,1016555
Thu May 25 2023,3294,3306,3267.100098,3293.5,3206.484619,1374917
Fri May 26 2023,3293.5,3338.649902,3291,3328.899902,3240.949219,1791115
Mon May 29 2023,3360.800049,3372,3312,3320.350098,3232.625732,1210372
Tue May 30 2023,3315,3326.949951,3301.350098,3316.199951,3228.584961,1344224
Wed May 31 2023,3309,3327.699951,3265.149902,3289.5,3202.59082,5815424
Thu Jun 01 2023,3314,3340,3297.5,3324,3236.178955,1177314
Fri Jun 02 2023,3326.25,3335.899902,3297.449951,3305.600098,3218.265381,2030661
Mon Jun 05 2023,3315,3327,3285.050049,3288.899902,3202.006348,1861468
Tue Jun 06 2023,3280,3288.850098,3220.600098,3232.300049,3146.901855,2022849
Wed Jun 07 2023,3253,3278.850098,3241,3274.899902,3188.376221,1567196
Thu Jun 08 2023,3261,3270,3233,3236.449951,3150.941895,1759366
Fri Jun 09 2023,3245,3250,3205.350098,3209.300049,3124.509521,1775689
Mon Jun 12 2023,3215,3254.399902,3211,3246.899902,3161.116211,2324605
Tue Jun 13 2023,3260,3265,3239,3243.699951,3158.000732,1371928
Wed Jun 14 2023,3243.699951,3255.850098,3225.850098,3251.050049,3165.15625,1658544
Thu Jun 15 2023,3245.300049,3247.449951,3210,3216.300049,3154.612793,2273810
Fri Jun 16 2023,3197,3199.399902,3156,3174.899902,3114.006592,4156189
Mon Jun 19 2023,3190,3214.899902,3175,3210.399902,3148.825684,1468186
Tue Jun 20 2023,3214,3232.5,3201.050049,3227.699951,3165.793945,1528452
Wed Jun 21 2023,3250,3261.399902,3223.949951,3258.199951,3195.708984,1645987
Thu Jun 22 2023,3260,3267.649902,3230.100098,3238.5,3176.386719,1529603
Fri Jun 23 2023,3237.300049,3249.399902,3209.149902,3216.350098,3154.661621,1119505
Mon Jun 26 2023,3205,3213.899902,3173,3189.649902,3128.473633,1978803
Tue Jun 27 2023,3202,3209.649902,3182.300049,3197.350098,3136.026123,863542
Wed Jun 28 2023,3208,3230.949951,3193.399902,3215.449951,3153.778564,1575872
Fri Jun 30 2023,3220,3310,3214.100098,3302.25,3238.914307,2672406
Mon Jul 03 2023,3314.300049,3318.800049,3268.75,3272.300049,3209.53833,1687264
Tue Jul 04 2023,3290,3315,3277.300049,3308.850098,3245.387695,1656681
Wed Jul 05 2023,3320,3329,3305,3319.949951,3256.274658,1453008
Thu Jul 06 2023,3306.550049,3328.449951,3302,3322.899902,3259.167725,1848238
Fri Jul 07 2023,3302,3356.899902,3302,3329.25,3265.39624,1789326
Mon Jul 10 2023,3324.75,3324.75,3265.199951,3271.949951,3209.195313,1407431
Tue Jul 11 2023,3295,3295,3260.800049,3272.399902,3209.636475,1110172
Wed Jul 12 2023,3280.949951,3289.149902,3250.100098,3259.899902,3197.376465,1515240
Thu Jul 13 2023,3284,3367.449951,3272.75,3340.550049,3276.479736,4585146
Fri Jul 14 2023,3365,3524.850098,3352,3514.649902,3447.23999,6306101
Mon Jul 17 2023,3510,3549.899902,3477.050049,3491.699951,3424.730713,2743228
Tue Jul 18 2023,3476,3524,3465,3496.850098,3429.781982,2600090
Wed Jul 19 2023,3500,3516.850098,3445.649902,3470.050049,3403.49585,2405370
Thu Jul 20 2023,3453.100098,3478.899902,3436.050049,3463.300049,3405.708252,1715404
Fri Jul 21 2023,3404.050049,3434.899902,3359.050049,3368.300049,3312.28833,3770223
Mon Jul 24 2023,3381,3413.449951,3372.100098,3394.75,3338.29834,1680132
Tue Jul 25 2023,3397.5,3406.800049,3380.199951,3399.149902,3342.625,1272980
Wed Jul 26 2023,3400.350098,3420.850098,3385,3388.300049,3331.955566,1066803
Thu Jul 27 2023,3394.949951,3411.649902,3385.050049,3396.899902,3340.412354,1701769
Fri Jul 28 2023,3385,3393.699951,3331,3355.399902,3299.602539,2599831
Mon Jul 31 2023,3364.399902,3426.649902,3360.899902,3421.449951,3364.554199,2743678
Tue Aug 01 2023,3415,3460,3415,3452.050049,3394.645508,1956167
Wed Aug 02 2023,3434.949951,3446.399902,3413.600098,3440.649902,3383.435303,1914899
Thu Aug 03 2023,3420,3433.25,3368,3399.949951,3343.411865,2026351
Fri Aug 04 2023,3401.25,3471,3401.25,3443.550049,3386.286865,2248493
Mon Aug 07 2023,3453.949951,3488,3441.25,3484.050049,3426.113525,1853889
Tue Aug 08 2023,3484.050049,3489.949951,3456.600098,3470.600098,3412.886963,1634225
Wed Aug 09 2023,3464.899902,3467,3425.050049,3462.5,3404.921875,1794589
Thu Aug 10 2023,3450,3464.899902,3430.050049,3442.100098,3384.86084,1096701
Fri Aug 11 2023,3438.100098,3466.649902,3414,3448.800049,3391.449707,1679974
Mon Aug 14 2023,3440.699951,3455,3411,3449.850098,3392.481934,1190425
Wed Aug 16 2023,3450,3466,3435.199951,3458.399902,3400.889648,1328445
Thu Aug 17 2023,3455,3460.800049,3413.199951,3435.75,3378.616699,1843241
Fri Aug 18 2023,3410,3410,3356.5,3367.100098,3311.108398,2526749
Mon Aug 21 2023,3375,3409.75,3372,3401.649902,3345.083496,1375579
Tue Aug 22 2023,3400,3411,3365.050049,3382.149902,3325.907715,1222012
Wed Aug 23 2023,3388,3402,3376,3398.25,3341.740234,1330046
Thu Aug 24 2023,3408,3413.050049,3378.100098,3387.75,3331.414551,1152881
Fri Aug 25 2023,3375,3385.800049,3350.25,3381.300049,3325.072021,1158046
Mon Aug 28 2023,3394,3394,3360.100098,3375.550049,3319.41748,1037485
Tue Aug 29 2023,3381.050049,3389.550049,3365,3376.149902,3320.007568,944517
Wed Aug 30 2023,3398,3408.100098,3383.050049,3390.949951,3334.561523,1188200
Thu Aug 31 2023,3401,3417.399902,3343.649902,3356.800049,3300.979492,3417652
Fri Sep 01 2023,3366,3389,3356.800049,3379.199951,3323.006836,1277950
Mon Sep 04 2023,3378,3432.850098,3370.050049,3418.5,3361.65332,1828332
Tue Sep 05 2023,3420,3447,3405.149902,3429.350098,3372.322998,1501842
Wed Sep 06 2023,3434,3443.899902,3398.100098,3429.899902,3372.863525,1314818
Thu Sep 07 2023,3430.800049,3460,3422.300049,3455.25,3397.792236,1885092
Fri Sep 08 2023,3455.25,3465,3435.050049,3441.899902,3384.664307,1518917
Mon Sep 11 2023,3462,3485.699951,3445,3480.649902,3422.769775,1783604
Tue Sep 12 2023,3492,3589.899902,3483,3580.800049,3521.254639,4476016
Wed Sep 13 2023,3571.100098,3588.850098,3545,3567.850098,3508.52002,1754929
Thu Sep 14 2023,3570.050049,3597.699951,3545.600098,3560.050049,3500.849609,2604721
Fri Sep 15 2023,3567.850098,3607.350098,3562.449951,3598.300049,3538.463379,2952897
Mon Sep 18 2023,3580.050049,3619.300049,3575.25,3606.149902,3546.182617,1395753
Wed Sep 20 2023,3580,3625,3580,3606.050049,3546.084473,1649396
Thu Sep 21 2023,3588.550049,3605,3528,3585.300049,3525.679932,2004073
Fri Sep 22 2023,3584,3633.75,3565.050049,3603.649902,3543.724609,1989083
Mon Sep 25 2023,3602.5,3620,3558.649902,3577.149902,3517.665039,1238778
Tue Sep 26 2023,3567.600098,3594.949951,3536,3585.699951,3526.072754,1726062
Wed Sep 27 2023,3590,3614,3555.699951,3589.300049,3529.613281,1541134
Thu Sep 28 2023,3600,3602.800049,3527.350098,3536.75,3477.937012,1755753
Fri Sep 29 2023,3537.199951,3568.449951,3505.550049,3528.600098,3469.922607,2243791
Tue Oct 03 2023,3534.199951,3534.199951,3480.100098,3513.850098,3455.417969,1948148
Wed Oct 04 2023,3486.300049,3548,3477.300049,3537.75,3478.92041,1788138
Thu Oct 05 2023,3554,3624,3551.199951,3589.350098,3529.662354,2990768
Fri Oct 06 2023,3591,3634.949951,3575.050049,3621.399902,3561.179199,2075691
Mon Oct 09 2023,3645.050049,3679,3631,3638.350098,3577.847656,4233074
Tue Oct 10 2023,3640.050049,3648,3601.350098,3628.899902,3568.554443,1848148
Wed Oct 11 2023,3650,3650,3605,3609.899902,3549.870605,2426417
Thu Oct 12 2023,3575,3588.649902,3538.100098,3542.550049,3483.640625,4241281
Fri Oct 13 2023,3530,3577,3525,3570.850098,3511.469971,2890357
Mon Oct 16 2023,3566,3574.649902,3519.100098,3524.050049,3465.448242,1671104
Tue Oct 17 2023,3530,3534.149902,3503.350098,3507.050049,3448.730957,1672065
Wed Oct 18 2023,3511,3522.699951,3484,3487.25,3429.26001,1408245
Thu Oct 19 2023,3469.5,3476.850098,3451.899902,3455.649902,3406.978516,1514545
Fri Oct 20 2023,3450.399902,3499.5,3444.050049,3494.550049,3445.330566,1481211
Mon Oct 23 2023,3473,3478.949951,3401.300049,3410.149902,3362.119141,1106272
Wed Oct 25 2023,3390.5,3425,3377.199951,3390.100098,3342.351807,1518537
Thu Oct 26 2023,3368.050049,3373.699951,3330,3336.75,3289.75293,1984471
Fri Oct 27 2023,3350,3362,3337,3350.949951,3303.753174,1108851
Mon Oct 30 2023,3350,3382.850098,3333.75,3378.550049,3330.964355,910972
Tue Oct 31 2023,3399,3399,3350.050049,3368.75,3321.302246,999811
Wed Nov 01 2023,3355,3371.600098,3311,3330.649902,3283.739014,1563475
Thu Nov 02 2023,3343.199951,3375.949951,3343.199951,3360.100098,3312.774414,1245384
Fri Nov 03 2023,3382,3387.899902,3344.300049,3350.899902,3303.703613,1402598
Mon Nov 06 2023,3375,3392.300049,3359,3380.25,3332.640381,1099852
Tue Nov 07 2023,3378,3404.149902,3366,3370.449951,3322.978271,1191144
Wed Nov 08 2023,3371.449951,3401.949951,3369.550049,3381.550049,3333.922119,992899
Thu Nov 09 2023,3390.100098,3391.5,3342.050049,3347.449951,3300.302246,2112352
Fri Nov 10 2023,3338,3347.449951,3322.350098,3333.449951,3286.499268,1338557
Mon Nov 13 2023,3356,3356,3327,3331.550049,3284.626221,1030990
Wed Nov 15 2023,3383.100098,3413,3356.050049,3404.300049,3356.351807,2059802
Thu Nov 16 2023,3430.050049,3529.350098,3414.199951,3497.850098,3448.583984,3951984
Fri Nov 17 2023,3497.850098,3524.5,3492.550049,3502.449951,3453.119141,2021292
Mon Nov 20 2023,3491.25,3533.899902,3491.25,3519.600098,3470.027832,1475621
Tue Nov 21 2023,3519.600098,3539.050049,3501,3510.199951,3460.760254,1807236
Wed Nov 22 2023,3500,3532.649902,3481.100098,3530.149902,3480.428955,1798051
Thu Nov 23 2023,3530,3544,3500,3508.25,3458.837646,2729804
Fri Nov 24 2023,3494.25,3504.550049,3453,3457.100098,3408.407959,1989733
Tue Nov 28 2023,3457.100098,3481.25,3433,3470.149902,3421.27417,1689195
Wed Nov 29 2023,3481,3518,3475.800049,3513.75,3464.26001,1441634
Thu Nov 30 2023,3499.449951,3516.649902,3481,3487.600098,3438.478516,3266235
Fri Dec 01 2023,3500,3516.949951,3490.050049,3511.649902,3462.189697,1172141
Mon Dec 04 2023,3544.649902,3547.800049,3498,3512.449951,3462.978027,1625213
Tue Dec 05 2023,3538,3538,3502.800049,3531.600098,3481.858643,1377656
Wed Dec 06 2023,3532.600098,3612.850098,3525.149902,3604.100098,3553.337646,1896572
Thu Dec 07 2023,3605,3630.550049,3591.699951,3614.899902,3563.985107,1967653
Fri Dec 08 2023,3633,3645,3602.050049,3626.699951,3575.619141,1641155
Mon Dec 11 2023,3622.899902,3653,3615,3642.899902,3591.591064,1102503
Tue Dec 12 2023,3638.949951,3698.399902,3631,3672.100098,3620.379883,2236866
Wed Dec 13 2023,3643.550049,3650,3563,3593.550049,3542.936035,3850968
Thu Dec 14 2023,3630,3678,3627.600098,3667.25,3615.598145,3290396
Fri Dec 15 2023,3666.699951,3895.949951,3666.699951,3861,3806.619141,8531230
Mon Dec 18 2023,3858.100098,3929,3830.149902,3859.199951,3804.844482,2521612
Tue Dec 19 2023,3845,3855.100098,3790,3816.199951,3762.450195,2004435
Wed Dec 20 2023,3827.25,3898.800049,3766.550049,3780.050049,3726.809326,2586083
Thu Dec 21 2023,3756.25,3806.699951,3743.350098,3787.5,3734.154297,1517562
Fri Dec 22 2023,3800,3845.949951,3762,3824,3770.140381,2413058
Tue Dec 26 2023,3819.850098,3834,3790.149902,3795.550049,3742.091064,1285231
Wed Dec 27 2023,3799,3818.199951,3768,3811.199951,3757.520508,1293976
Thu Dec 28 2023,3824,3838,3792.100098,3799.899902,3746.379639,1682889
Fri Dec 29 2023,3792,3822.600098,3765.399902,3793.399902,3739.971191,1574996
Mon Jan 01 2024,3790,3832,3773,3811.100098,3757.422119,825907
Tue Jan 02 2024,3811.100098,3811.100098,3767.25,3783.199951,3729.914795,1344068
Wed Jan 03 2024,3767,3771.850098,3687.050049,3691.75,3639.75293,1803075
Thu Jan 04 2024,3701.75,3719,3651,3666.800049,3615.154297,3598144
Fri Jan 05 2024,3675,3747.75,3674.850098,3737.899902,3685.252686,1963127
Mon Jan 08 2024,3737.899902,3739.75,3672.399902,3678.300049,3626.492676,1067805
Tue Jan 09 2024,3709.949951,3752.350098,3682.75,3689.899902,3637.928955,1370944
Wed Jan 10 2024,3690,3729.25,3688,3713.050049,3660.753174,1292227
Thu Jan 11 2024,3724,3773,3707,3735.550049,3682.936279,1777909
Fri Jan 12 2024,3848,3905.25,3821.600098,3882.800049,3828.112305,6813450
Mon Jan 15 2024,3960,3965,3885,3903.800049,3848.816406,2801505
Tue Jan 16 2024,3899,3899,3855.550049,3861.300049,3806.915039,1432672
Wed Jan 17 2024,3819,3909.949951,3812.550049,3884.600098,3829.886719,3458696
Thu Jan 18 2024,3898,3908.800049,3862,3902.600098,3847.633301,2239110
Fri Jan 19 2024,3945,3963.550049,3915.050049,3943.050049,3905.527344,2941975
Tue Jan 23 2024,3900,3933.899902,3842.75,3858.25,3821.53418,2618854
Wed Jan 24 2024,3880,3883.649902,3805.600098,3841.800049,3805.240723,2657709
Thu Jan 25 2024,3839.899902,3861,3778.699951,3810.300049,3774.040527,2205154
Mon Jan 29 2024,3800.800049,3820,3780.850098,3801,3764.828857,1646747
Tue Jan 30 2024,3807.449951,3847.800049,3787,3800.550049,3764.383301,1411621
Wed Jan 31 2024,3811.199951,3834,3796.449951,3815.949951,3779.636475,2459358
Thu Feb 01 2024,3820,3904.899902,3805.050049,3854.149902,3817.4729,2363107
Fri Feb 02 2024,3875.050049,3984.399902,3872,3966.300049,3928.555908,2826510
Mon Feb 05 2024,3983,4022,3962.100098,3973.300049,3935.489502,1691523
Tue Feb 06 2024,3997,4149.899902,3990,4136,4096.641113,4474396
Wed Feb 07 2024,4153,4155,4073.949951,4083.399902,4044.541504,2124267
Thu Feb 08 2024,4090,4158,4086.050049,4134.100098,4094.759033,2345173
Fri Feb 09 2024,4136.549805,4184.75,4100,4133.700195,4094.363037,2100596
Mon Feb 12 2024,4130,4159.600098,4105.549805,4120.700195,4081.486816,1013716
Tue Feb 13 2024,4125.450195,4170,4081.5,4149.5,4110.012207,1257415
Wed Feb 14 2024,4107,4114.899902,4049.5,4100.100098,4061.082764,1391283
Thu Feb 15 2024,4128,4146.299805,4083,4103.200195,4064.15332,1091582
Fri Feb 16 2024,4113.25,4147.950195,4100.100098,4128.299805,4089.01416,1307556
Mon Feb 19 2024,4123.049805,4128.299805,4055,4103.799805,4064.747314,772291
Tue Feb 20 2024,4082.100098,4098,4010,4030.649902,3992.293457,1193648
Wed Feb 21 2024,4013,4063.350098,3980.600098,3991.5,3953.516113,1885939
Thu Feb 22 2024,3971,4094.949951,3971,4087.100098,4048.206299,2982052
Fri Feb 23 2024,4130,4130,4046.399902,4052.100098,4013.539551,2538072
Mon Feb 26 2024,4036,4050,3982.75,4001.050049,3962.975098,1379284
Tue Feb 27 2024,3999,4124,3999,4104.399902,4065.341553,2960475
Wed Feb 28 2024,4095.600098,4154.899902,4089,4118.950195,4079.753418,1939225
Thu Feb 29 2024,4099,4138.100098,4064.550049,4095.100098,4056.130371,3772719
Fri Mar 01 2024,4107.200195,4140,4086.800049,4094.350098,4055.387451,2043265
Mon Mar 04 2024,4105,4117.899902,4075.899902,4080.699951,4041.867188,1749271
Tue Mar 05 2024,4062,4064,3980,4012.100098,3973.919922,2070859
Wed Mar 06 2024,3994.050049,4072,3958.449951,4064.300049,4025.623291,1744204
Thu Mar 07 2024,4065,4124,4037.699951,4108.600098,4069.501709,2688905
Mon Mar 11 2024,4089,4153,4089,4122.350098,4083.121094,2304068
Tue Mar 12 2024,4122.350098,4229.950195,4121.049805,4192.25,4152.355469,4039801
Wed Mar 13 2024,4205,4241,4131.899902,4149,4109.51709,2837260
Thu Mar 14 2024,4153.450195,4225,4086,4207.600098,4167.55957,2919608
Fri Mar 15 2024,4192.600098,4239,4177,4219.25,4179.098633,3373143
Mon Mar 18 2024,4215.25,4254.75,4117.850098,4152.5,4112.983887,1526904
Tue Mar 19 2024,4051.25,4058,3966.600098,3977.300049,3939.451416,8931209
Wed Mar 20 2024,3986,4018,3960.199951,3970.899902,3933.111816,1817913
Thu Mar 21 2024,3990.050049,4008.399902,3948,3972.949951,3935.142578,3829582
Fri Mar 22 2024,3897,3938,3855,3910.899902,3873.683105,5852485
Tue Mar 26 2024,3875,3946.699951,3871.449951,3877.5,3840.60083,3440925
Wed Mar 27 2024,3888.5,3895,3829.399902,3840.899902,3804.349121,1968575
Thu Mar 28 2024,3850.100098,3915,3840.5,3876.300049,3839.412354,4311783
Mon Apr 01 2024,3897.699951,3933.300049,3888.050049,3916.75,3879.477295,1569676
Tue Apr 02 2024,3890,3909.850098,3873,3883.800049,3846.841064,2142666
Wed Apr 03 2024,3851,3981,3851,3947.300049,3909.736572,3973090
Thu Apr 04 2024,3975.899902,4028.649902,3935.25,4003.300049,3965.203857,3394637
Fri Apr 05 2024,3978,4002,3960.5,3979.25,3941.382568,1636819
Mon Apr 08 2024,3983,4032.649902,3960,3972.550049,3934.746582,2302538
Tue Apr 09 2024,3984,4015.850098,3925.050049,3946.550049,3908.993652,1876992
Wed Apr 10 2024,3956.399902,3990.199951,3918,3984.649902,3946.731201,2101965
Fri Apr 12 2024,3971,4013.350098,3945.5,4001.399902,3963.321777,4354821
Mon Apr 15 2024,4001.399902,4064.199951,3919.050049,3941.199951,3903.69458,4200329
Tue Apr 16 2024,3902,3928.699951,3862.850098,3872.800049,3835.945557,3051420
Thu Apr 18 2024,3876.800049,3936,3850,3862,3825.248535,3476284
Fri Apr 19 2024,3838,3852.550049,3800.899902,3826.199951,3789.789063,2957749
Mon Apr 22 2024,3837,3878,3812,3864.600098,3827.82373,1728883
Tue Apr 23 2024,3877.050049,3895,3860.600098,3874.699951,3837.827393,1807586
Wed Apr 24 2024,3890,3898,3824.449951,3831.050049,3794.593018,1317312
Thu Apr 25 2024,3811.199951,3873.649902,3811,3852.199951,3815.541504,2856271
Fri Apr 26 2024,3855.149902,3876.800049,3802.550049,3821.350098,3784.985352,2039178
Mon Apr 29 2024,3838,3877.800049,3819.199951,3870.199951,3833.370361,1110693
Tue Apr 30 2024,3872,3881.75,3810,3820.649902,3784.291748,2203078
Thu May 02 2024,3778.050049,3871.100098,3778.050049,3863.300049,3826.536133,2491044
Fri May 03 2024,3890.149902,3893.600098,3797.600098,3843.399902,3806.825195,2962234
Mon May 06 2024,3853,3939.949951,3853,3921.050049,3883.736328,2053831
Tue May 07 2024,3930.800049,3988,3913.5,3978.949951,3941.085449,2062112
Wed May 08 2024,3961,3984.300049,3938.600098,3976.949951,3939.104492,1247685
Thu May 09 2024,3962,3971,3910.050049,3960.199951,3922.513916,1726486
Fri May 10 2024,3962.600098,3973.600098,3885.050049,3893.899902,3856.844727,1672489
Mon May 13 2024,3884.5,3955,3870,3947.800049,3910.232178,931326
Tue May 14 2024,3936,3945.800049,3892.899902,3901.199951,3864.075439,1058317
Wed May 15 2024,3904.5,3926.949951,3875.5,3880.399902,3843.473145,1115021
Thu May 16 2024,3891.100098,3909.5,3843.5,3900.949951,3891.910645,2599399
Fri May 17 2024,3919,3920,3830,3834.100098,3825.21582,2765804
Tue May 21 2024,3830.600098,3844.75,3810.050049,3820.199951,3811.3479,1908117
Wed May 22 2024,3835,3841.25,3817.550049,3832,3823.120605,1311168
Thu May 23 2024,3840.949951,3905,3825.5,3893.449951,3884.427979,2095742
Fri May 24 2024,3878.25,3883.800049,3844.300049,3849.5,3840.580078,1309452
Mon May 27 2024,3855,3908.350098,3841.350098,3847.050049,3838.135742,1841538
Tue May 28 2024,3858,3870,3830,3839.899902,3831.002197,1801993
Wed May 29 2024,3848.899902,3848.899902,3800,3803.649902,3794.836182,1568095
Thu May 30 2024,3777,3794.399902,3715.449951,3736.100098,3727.442871,2919230
Fri May 31 2024,3740,3749.800049,3653.75,3670.949951,3662.443604,10956800
Mon Jun 03 2024,3732.800049,3751.550049,3696,3702.850098,3694.269775,2156773
Tue Jun 04 2024,3700,3745,3591.5,3715,3706.391602,3395997
Wed Jun 05 2024,3716,3783.800049,3700,3746.449951,3737.768799,2799670
Thu Jun 06 2024,3781,3839.899902,3741.5,3830.399902,3821.52417,4328036
Fri Jun 07 2024,3837.300049,3915,3837.300049,3893.949951,3884.927002,4552445
Mon Jun 10 2024,3895,3905.899902,3841.899902,3858.699951,3849.758545,1734661
Tue Jun 11 2024,3845,3879.949951,3841,3852.100098,3843.174072,1419898
Wed Jun 12 2024,3874.399902,3893.5,3827.449951,3831.649902,3822.77124,2177001
Thu Jun 13 2024,3856.800049,3890,3852,3878.149902,3869.163574,1932323
Fri Jun 14 2024,3889,3889,3828,3832.050049,3823.17041,1860730
Tue Jun 18 2024,3826.050049,3842,3795.050049,3815.100098,3806.259766,1774045
Wed Jun 19 2024,3827.649902,3833.850098,3792.949951,3801.699951,3792.890625,1509050
Thu Jun 20 2024,3796,3809.949951,3780.050049,3787.25,3778.474121,2846526
Fri Jun 21 2024,3827,3877.800049,3798.050049,3810.75,3801.919678,4642195
Mon Jun 24 2024,3808.75,3857,3791.300049,3816.800049,3807.955811,1702154
Tue Jun 25 2024,3817,3847.649902,3792.899902,3838.449951,3829.55542,1338808
Wed Jun 26 2024,3844.5,3866.949951,3841,3855.850098,3846.915283,1639845
Thu Jun 27 2024,3831,3942,3818.100098,3934.149902,3925.033691,4526556
Fri Jun 28 2024,3917.800049,3960,3897.850098,3904.149902,3895.103271,2731571
Mon Jul 01 2024,3884,4001.699951,3884,3978.199951,3968.981689,2658723
Tue Jul 02 2024,3993.600098,4023.399902,3982.550049,4017.399902,4008.09082,2307449
Wed Jul 03 2024,4020,4026.100098,3955,3965.25,3956.061768,1821198
Thu Jul 04 2024,3999.850098,4047.350098,3982.100098,4020.949951,4011.632568,2518001
Fri Jul 05 2024,4010,4026.75,3988,4011.800049,4002.503906,1668616
Mon Jul 08 2024,4022,4031.25,3978.050049,3993.199951,3983.947021,1758882
Tue Jul 09 2024,3985,4006.949951,3975.100098,3985.5,3976.264893,1305801
Wed Jul 10 2024,3983.699951,4003.300049,3902,3909.149902,3900.091553,2669716
Thu Jul 11 2024,3931,3980,3895.600098,3923.699951,3914.60791,4872189
Fri Jul 12 2024,3980,4199.950195,3971.300049,4183.950195,4174.255371,13509164
Mon Jul 15 2024,4235.700195,4240,4157.049805,4169.200195,4159.539551,4848030
